id;iso_departamento;codigo_departamento;codigo_municipio;nombre_departamento;nombre_municipio
66b37341-8312-41af-bb4f-6b965f1e0cb1;CO-AMA;91;91263000;AMAZONAS;EL ENCANTO
1574c822-dde5-43a7-b443-7aeca01ce5f9;CO-AMA;91;91405000;AMAZONAS;LA CHORRERA
cf3c8d5d-9e90-47a6-9b98-a522dac4ff2e;CO-AMA;91;91407000;AMAZONAS;LA PEDRERA
6bb0b7a9-a766-4229-b175-585cc3d627f8;CO-AMA;91;91430000;AMAZONAS;LA VICTORIA
fa1ea003-b986-4511-834a-afcc4e89a5ea;CO-AMA;91;91001000;AMAZONAS;LETICIA
073d2f8e-0ad0-4861-9d3e-58d34564a0a0;CO-AMA;91;91460000;AMAZONAS;MIRITÍ - PARANÁ
ead05ac6-567f-4ac3-90e5-3e08ae335498;CO-AMA;91;91530000;AMAZONAS;PUERTO ALEGRÍA
07f04a62-3eee-4656-b5e4-b0a99a55159d;CO-AMA;91;91536000;AMAZONAS;PUERTO ARICA
cc5731eb-a49e-4e37-b873-08f32f50e0c3;CO-AMA;91;91540000;AMAZONAS;PUERTO NARIÑO
018bbc47-eb0f-4b0c-b10b-7b579faebe9c;CO-AMA;91;91669000;AMAZONAS;PUERTO SANTANDER
bf790431-ec63-4ba2-a204-1aff1f99eb9a;CO-AMA;91;91798000;AMAZONAS;TARAPACÁ
5958a73f-9f89-4cb5-bcc8-ecd00b871e37;CO-ANT;05;05002000;ANTIOQUIA;ABEJORRAL
1aafc8c6-410b-4b10-90d8-754ccd606d60;CO-ANT;05;05004000;ANTIOQUIA;ABRIAQUÍ
0a07b986-79e2-4aa9-a8c9-187e83bd60cf;CO-ANT;05;05021000;ANTIOQUIA;ALEJANDRÍA
2c3df0fc-3132-423f-9f23-52d9d5d7c2f8;CO-ANT;05;05030000;ANTIOQUIA;AMAGÁ
4d9a0cab-2a19-4418-9221-2775bec3f475;CO-ANT;05;05031000;ANTIOQUIA;AMALFI
2b0b31f2-470b-445a-a879-fa7e6bb25e63;CO-ANT;05;05034000;ANTIOQUIA;ANDES
cf040ffb-b9e5-49d2-9c75-38b5b3657f8d;CO-ANT;05;05036000;ANTIOQUIA;ANGELÓPOLIS
742cf11b-d336-4963-9871-142cfbe2b817;CO-ANT;05;05038000;ANTIOQUIA;ANGOSTURA
47d90968-386e-4aa4-95ab-26df64253088;CO-ANT;05;05040000;ANTIOQUIA;ANORÍ
e8ef6cd3-fc04-42b7-97fa-aaa4b91325b1;CO-ANT;05;05044000;ANTIOQUIA;ANZÁ
299989cb-d665-45d3-bd9d-7842929994af;CO-ANT;05;05045000;ANTIOQUIA;APARTADÓ
e4ca773d-1e1b-4cf6-a05f-23c9a13972ff;CO-ANT;05;05051000;ANTIOQUIA;ARBOLETES
ffa251d1-8312-42fe-85a3-75a6e2af88b3;CO-ANT;05;05055000;ANTIOQUIA;ARGELIA
f75ac186-1e3a-49db-86d4-508fd2ec9031;CO-ANT;05;05059000;ANTIOQUIA;ARMENIA
dffbf130-d72f-4da2-ba9c-58c2437d426c;CO-ANT;05;05079000;ANTIOQUIA;BARBOSA
6c141fc1-0126-4fe9-89d6-a0dfb2a7422b;CO-ANT;05;05088000;ANTIOQUIA;BELLO
40ff1707-dfcc-464f-8070-c20dfa6e5218;CO-ANT;05;05086000;ANTIOQUIA;BELMIRA
060d0720-bb93-4f9f-9335-2d48d71ebb02;CO-ANT;05;05091000;ANTIOQUIA;BETANIA
c43046a3-ae6b-4c9b-9c0e-4f5b47bc84a3;CO-ANT;05;05093000;ANTIOQUIA;BETULIA
e76f4c83-b11f-42fb-89b5-4db664a25734;CO-ANT;05;05107000;ANTIOQUIA;BRICEÑO
784a77e3-4b82-4baf-af57-d8f14c71b946;CO-ANT;05;05113000;ANTIOQUIA;BURITICÁ
ec93d054-1e25-4ca6-b73b-f540e85445d0;CO-ANT;05;05120000;ANTIOQUIA;CÁCERES
c0c0ae58-5d9d-44e0-8c58-fdd143d180c8;CO-ANT;05;05125000;ANTIOQUIA;CAICEDO
94431baa-9e8f-447a-b629-b834073fa81c;CO-ANT;05;05129000;ANTIOQUIA;CALDAS
38c61dbd-4739-4532-aec0-b8408c9ec5e7;CO-ANT;05;05134000;ANTIOQUIA;CAMPAMENTO
41c7c97f-b029-4713-8b16-f70da9c8adf9;CO-ANT;05;05138000;ANTIOQUIA;CAÑASGORDAS
ea35c204-121f-4b9c-99cb-4366654ae04d;CO-ANT;05;05142000;ANTIOQUIA;CARACOLÍ
96f594a1-e273-4cf8-9223-6255392a7641;CO-ANT;05;05145000;ANTIOQUIA;CARAMANTA
d2101df8-fbbc-4a4d-8659-9cab330f6a66;CO-ANT;05;05147000;ANTIOQUIA;CAREPA
f1063428-4e95-4113-ad41-cb54f95e8e15;CO-ANT;05;05150000;ANTIOQUIA;CAROLINA
f914f1fe-ff36-44da-bb91-457543b8f812;CO-ANT;05;05154000;ANTIOQUIA;CAUCASIA
c53906ff-e531-40fc-b43d-9ef0d0f6fdc9;CO-ANT;05;05172000;ANTIOQUIA;CHIGORODÓ
daffe890-74ef-4510-ab3c-3cf019524eed;CO-ANT;05;05190000;ANTIOQUIA;CISNEROS
cce95aeb-c1a7-43ce-8721-0cbdf061df4c;CO-ANT;05;05101000;ANTIOQUIA;CIUDAD BOLÍVAR
c9296cdf-329c-419e-909d-b938b62d7ab2;CO-ANT;05;05197000;ANTIOQUIA;COCORNÁ
241f7a90-aa6c-47ab-8ca2-65f6386477dc;CO-ANT;05;05206000;ANTIOQUIA;CONCEPCIÓN
461b3de2-a869-4e2a-8c1b-a72fe4aedf40;CO-ANT;05;05209000;ANTIOQUIA;CONCORDIA
995c6f7c-935f-4cbe-90ee-d6134956c476;CO-ANT;05;05212000;ANTIOQUIA;COPACABANA
92ed436d-4c02-4b0d-97b6-776a229c9dfb;CO-ANT;05;05234000;ANTIOQUIA;DABEIBA
16e7ac61-0254-49f0-b769-183350d529ee;CO-ANT;05;05237000;ANTIOQUIA;DONMATÍAS
5274291d-4199-4167-85e5-5aa34e4e1128;CO-ANT;05;05240000;ANTIOQUIA;EBÉJICO
4d5bd7cc-f0b4-475a-833f-7794de52aad2;CO-ANT;05;05250000;ANTIOQUIA;EL BAGRE
144511ca-2ccc-4544-9a7c-e20eeee74c24;CO-ANT;05;05148000;ANTIOQUIA;EL CARMEN DE VIBORAL
9884330e-4ca9-4b20-a36d-abeeee878ff3;CO-ANT;05;05697000;ANTIOQUIA;EL SANTUARIO
44b1642e-1f19-469a-b693-a2419c9b6401;CO-ANT;05;05264000;ANTIOQUIA;ENTRERRÍOS
8dfdf8f3-ba10-44a8-a740-66972146da67;CO-ANT;05;05266000;ANTIOQUIA;ENVIGADO
54daf13a-8354-4185-b611-ae98aee20817;CO-ANT;05;05282000;ANTIOQUIA;FREDONIA
109e27bc-2ccf-4200-bf3c-12e81036e53e;CO-ANT;05;05284000;ANTIOQUIA;FRONTINO
30fe0852-1182-4659-9d33-ae8767476fa5;CO-ANT;05;05306000;ANTIOQUIA;GIRALDO
5d8fe062-1c5a-4479-9786-c85e68c3264d;CO-ANT;05;05308000;ANTIOQUIA;GIRARDOTA
32fe7dda-af32-40eb-bcd8-79e251534d17;CO-ANT;05;05310000;ANTIOQUIA;GÓMEZ PLATA
7ef5fbb7-13f3-4c68-8730-1e61f0cdc8db;CO-ANT;05;05313000;ANTIOQUIA;GRANADA
451cb175-de2a-4ff6-ba74-a48270ba1bd8;CO-ANT;05;05315000;ANTIOQUIA;GUADALUPE
f87936b6-3dc8-4117-a01a-2a060ea23a86;CO-ANT;05;05318000;ANTIOQUIA;GUARNE
47a0f359-10af-41e6-b0f8-716b3077c256;CO-ANT;05;05321000;ANTIOQUIA;GUATAPÉ
072ec05e-6d74-44f3-8f30-de956ef2013a;CO-ANT;05;05347000;ANTIOQUIA;HELICONIA
7ae13561-505b-47d2-be4f-f56355835e02;CO-ANT;05;05353000;ANTIOQUIA;HISPANIA
83dd02a0-3c99-4270-916e-a170716ac764;CO-ANT;05;05360000;ANTIOQUIA;ITAGÜÍ
078e6af2-283c-45ea-bb0e-2b250e093d65;CO-ANT;05;05361000;ANTIOQUIA;ITUANGO
a97e2719-db1d-4557-a455-5e92d8b943cb;CO-ANT;05;05364000;ANTIOQUIA;JARDÍN
7babd037-4625-4a4a-8c5b-0a0e9975eec9;CO-ANT;05;05368000;ANTIOQUIA;JERICÓ
d5afd003-a52f-4e96-b1ba-5ffe18264938;CO-ANT;05;05376000;ANTIOQUIA;LA CEJA
b6147e5a-1b25-4a7d-9d06-da5c6092c6a0;CO-ANT;05;05380000;ANTIOQUIA;LA ESTRELLA
85fbb923-8902-4960-8902-35b67dd8771c;CO-ANT;05;05390000;ANTIOQUIA;LA PINTADA
65e75ed8-a75c-4c0e-9d92-2f85cd4ad001;CO-ANT;05;05400000;ANTIOQUIA;LA UNIÓN
e0c0fc6c-813f-4c2f-a918-d012ffd91853;CO-ANT;05;05411000;ANTIOQUIA;LIBORINA
9d0f8fb1-d9a7-4bf1-8770-8c6a2363a312;CO-ANT;05;05425000;ANTIOQUIA;MACEO
87547aa4-4a18-411f-955a-247901a9d04e;CO-ANT;05;05440000;ANTIOQUIA;MARINILLA
c70f203a-449b-400b-947f-ef4e6501122c;CO-ANT;05;05001000;ANTIOQUIA;MEDELLÍN
a794db22-5cfb-4c0a-9a3a-4ef49c105714;CO-ANT;05;05467000;ANTIOQUIA;MONTEBELLO
6e1aa216-9198-4c6e-8d78-956b4c46d412;CO-ANT;05;05475000;ANTIOQUIA;MURINDÓ
6714c261-142e-45c4-a931-2fdf1333ed65;CO-ANT;05;05480000;ANTIOQUIA;MUTATÁ
9d8ff4bd-4192-4861-a8a3-da22cd383131;CO-ANT;05;05483000;ANTIOQUIA;NARIÑO
d934548f-3538-4946-ac2b-f128adffcfd6;CO-ANT;05;05495000;ANTIOQUIA;NECHÍ
72067022-fca0-4903-9360-5fb045a63387;CO-ANT;05;05490000;ANTIOQUIA;NECOCLÍ
a43ef444-111f-4975-9d43-41337d2e88f1;CO-ANT;05;05501000;ANTIOQUIA;OLAYA
54c35b03-3dc1-47ed-8751-c7d89bcc2f2b;CO-ANT;05;05541000;ANTIOQUIA;PEÑOL
a3f552a7-703c-4787-b703-34bb664a8db0;CO-ANT;05;05543000;ANTIOQUIA;PEQUE
e69b3e70-c911-4068-b13a-5b5120643502;CO-ANT;05;05576000;ANTIOQUIA;PUEBLORRICO
7f7f40b7-459a-43cb-a2a1-d64753a3c085;CO-ANT;05;05579000;ANTIOQUIA;PUERTO BERRÍO
572a9907-e074-45d1-83bd-af33ce465468;CO-ANT;05;05585000;ANTIOQUIA;PUERTO NARE
2756910b-5831-40fb-8f96-3ee48f53f077;CO-ANT;05;05591000;ANTIOQUIA;PUERTO TRIUNFO
c54d4d3d-33ea-44f9-94f5-08e9ce5648b9;CO-ANT;05;05604000;ANTIOQUIA;REMEDIOS
541615d1-22c8-40c0-859a-2ac58415023e;CO-ANT;05;05607000;ANTIOQUIA;RETIRO
16ddcfca-527d-4345-89f0-b93567a1fe8a;CO-ANT;05;05615000;ANTIOQUIA;RIONEGRO
53411445-6cf3-4bd7-8395-b18fba90a148;CO-ANT;05;05628000;ANTIOQUIA;SABANALARGA
fbef8e10-4898-4566-b917-7c233b699f70;CO-ANT;05;05631000;ANTIOQUIA;SABANETA
a4fde05f-50d9-442b-b553-058e0087af41;CO-ANT;05;05642000;ANTIOQUIA;SALGAR
39756718-ffb5-4373-94f2-34a4b4ec800f;CO-ANT;05;05647000;ANTIOQUIA;SAN ANDRÉS DE CUERQUÍA
c465594d-8c8c-49bd-8610-92c23da17308;CO-ANT;05;05649000;ANTIOQUIA;SAN CARLOS
8418047e-eb0e-4176-833b-392e3bb8b098;CO-ANT;05;05652000;ANTIOQUIA;SAN FRANCISCO
14f65fea-aa2b-4116-9296-cbd79a70b705;CO-ANT;05;05656000;ANTIOQUIA;SAN JERÓNIMO
741ba0ea-7a7e-4113-9f4c-cd35f559979a;CO-ANT;05;05658000;ANTIOQUIA;SAN JOSÉ DE LA MONTAÑA
2f54297a-e0b9-4e9b-8c9a-caa151f03a3a;CO-ANT;05;05659000;ANTIOQUIA;SAN JUAN DE URABÁ
294b6ff8-3585-4f47-839f-00507ec58a1e;CO-ANT;05;05660000;ANTIOQUIA;SAN LUIS
34fd1d96-2edd-4cbf-abcf-68dadc9959df;CO-ANT;05;05664000;ANTIOQUIA;SAN PEDRO DE LOS MILAGROS
21855ca0-d161-49ed-9084-78fd6f244939;CO-ANT;05;05665000;ANTIOQUIA;SAN PEDRO DE URABÁ
47709763-ca11-4844-ab37-f7f0e98ca38f;CO-ANT;05;05667000;ANTIOQUIA;SAN RAFAEL
e82567b1-c70c-4f9e-bbfc-dd0afb59c009;CO-ANT;05;05670000;ANTIOQUIA;SAN ROQUE
5f7693c9-cc98-48f8-bc67-81e7b7147058;CO-ANT;05;05679000;ANTIOQUIA;SANTA BÁRBARA
9d546506-f0b1-43e1-96b7-0ac05de63d47;CO-ANT;05;05042000;ANTIOQUIA;SANTA FÉ DE ANTIOQUIA
5d6c9f98-8736-44f5-8ff3-6d813183df00;CO-ANT;05;05686000;ANTIOQUIA;SANTA ROSA DE OSOS
86738992-abb7-4828-9983-98fd109061f5;CO-ANT;05;05690000;ANTIOQUIA;SANTO DOMINGO
24350c42-29bd-4dca-b93b-0f39eda62af4;CO-ANT;05;05674000;ANTIOQUIA;SAN VICENTE FERRER
6909cb0c-3318-4d3d-a675-9cad52b76a82;CO-ANT;05;05736000;ANTIOQUIA;SEGOVIA
5c33d1e2-372f-4ee7-85d6-43d814de2769;CO-ANT;05;05756000;ANTIOQUIA;SONSÓN
f882bfd2-7cf3-4edd-90ba-94f42b67d5ae;CO-ANT;05;05761000;ANTIOQUIA;SOPETRÁN
c3368897-f227-42bf-b40f-ccdbc0312c59;CO-ANT;05;05789000;ANTIOQUIA;TÁMESIS
07666258-2a9d-49be-a624-432bb23a1056;CO-ANT;05;05790000;ANTIOQUIA;TARAZÁ
338a9d2d-cada-4860-bdc7-940fd16221a1;CO-ANT;05;05792000;ANTIOQUIA;TARSO
38726c7c-f904-4c1e-9f6e-32cecce22d87;CO-ANT;05;05809000;ANTIOQUIA;TITIRIBÍ
c9c15647-5ea5-42a2-8690-249f6c94f170;CO-ANT;05;05819000;ANTIOQUIA;TOLEDO
0221de4c-504d-42ad-9e7e-c25661683b5b;CO-ANT;05;05837000;ANTIOQUIA;TURBO
98db7e25-6153-4e7e-8ff1-300fa0892ca9;CO-ANT;05;05842000;ANTIOQUIA;URAMITA
2372b930-4e17-4c9c-903a-0e32afa3d940;CO-ANT;05;05847000;ANTIOQUIA;URRAO
6515463b-799c-4a1f-9146-a57add329c30;CO-ANT;05;05854000;ANTIOQUIA;VALDIVIA
9d77a3ad-bdd7-4d61-8d72-b2e0d55473f1;CO-ANT;05;05856000;ANTIOQUIA;VALPARAÍSO
b5bb0e60-f0a1-457d-ba2a-1b0032becb5e;CO-ANT;05;05858000;ANTIOQUIA;VEGACHÍ
2dd3c8c4-bc46-40da-b860-3163f211ee35;CO-ANT;05;05861000;ANTIOQUIA;VENECIA
bfb0131f-8350-4eb2-87fd-3d4d92634a3e;CO-ANT;05;05873000;ANTIOQUIA;VIGÍA DEL FUERTE
33fed2c9-4f8b-4ecb-8e9d-be0a80d979a8;CO-ANT;05;05885000;ANTIOQUIA;YALÍ
3b371aa2-e2a5-4e76-956e-dc2e7cea4ec4;CO-ANT;05;05887000;ANTIOQUIA;YARUMAL
4ef2eb5c-7c59-48dc-be7c-b8a3c2565e8b;CO-ANT;05;05890000;ANTIOQUIA;YOLOMBÓ
2546310b-c1d8-41d4-84ab-9a16aabb7adc;CO-ANT;05;05893000;ANTIOQUIA;YONDÓ
fdc9afda-f4af-42af-86de-3abbaf9ab0af;CO-ANT;05;05895000;ANTIOQUIA;ZARAGOZA
93932963-6d47-4bec-8eba-72150143d02e;CO-ARA;81;81001000;ARAUCA;ARAUCA
82bae074-411f-4402-a317-923c39905d3b;CO-ARA;81;81065000;ARAUCA;ARAUQUITA
b9b9e46d-2173-42c2-b24b-227840b90a43;CO-ARA;81;81220000;ARAUCA;CRAVO NORTE
2a6a05dd-cdfa-4bbe-a8ac-b2b19f80c6db;CO-ARA;81;81300000;ARAUCA;FORTUL
86a79307-8b69-4e21-af6d-2a637c9c7c16;CO-ARA;81;81591000;ARAUCA;PUERTO RONDÓN
d1fa3c78-9877-48ac-b1d6-b7fe577b6803;CO-ARA;81;81736000;ARAUCA;SARAVENA
78e6f110-f00d-457a-8d5c-9cea44f15a48;CO-ARA;81;81794000;ARAUCA;TAME
3cdd6d1f-c31c-4f87-857b-6e4808cb8fa2;CO-SAP;88;88564000;ARCHIPIÉLAGO DE SAN ANDRÉS. PROVIDENCIA Y SANTA CATALINA;PROVIDENCIA
3f0d7d41-ccc7-4c9a-b74c-209cb98d04cf;CO-SAP;88;88001000;ARCHIPIÉLAGO DE SAN ANDRÉS. PROVIDENCIA Y SANTA CATALINA;SAN ANDRÉS
97a5468a-6549-486c-a36b-28890109159d;CO-ATL;08;08078000;ATLÁNTICO;BARANOA
0f5a8a62-bf32-4af2-8982-3d23dafa0ae3;CO-ATL;08;08001000;ATLÁNTICO;BARRANQUILLA
1427283d-abc7-447e-be00-5be87a5e4a8a;CO-ATL;08;08137000;ATLÁNTICO;CAMPO DE LA CRUZ
34f4482d-e8a4-445f-856c-64bbc79de323;CO-ATL;08;08141000;ATLÁNTICO;CANDELARIA
eee2322f-b88b-42b7-b3b0-1f0f7703eee8;CO-ATL;08;08296000;ATLÁNTICO;GALAPA
e3e8a5ec-a729-428b-905a-ceac7594049e;CO-ATL;08;08372000;ATLÁNTICO;JUAN DE ACOSTA
268c63b9-c61a-431a-865f-9c579815b6f3;CO-ATL;08;08421000;ATLÁNTICO;LURUACO
fbdc6cbd-732d-48d7-a3a7-778a3b155852;CO-ATL;08;08433000;ATLÁNTICO;MALAMBO
9f888f99-38b9-4db1-bb03-c91b1edeee3b;CO-ATL;08;08436000;ATLÁNTICO;MANATÍ
c1a44c91-8a43-4b44-b992-2738ae9c94d1;CO-ATL;08;08520000;ATLÁNTICO;PALMAR DE VARELA
f474b64b-f9da-47e7-981d-06873f61bf3b;CO-ATL;08;08549000;ATLÁNTICO;PIOJÓ
708fe47f-a9bd-4fcf-97fb-ed237c830117;CO-ATL;08;08558000;ATLÁNTICO;POLONUEVO
b3c58ec6-b7f4-4ceb-87a5-2b5b8745f814;CO-ATL;08;08560000;ATLÁNTICO;PONEDERA
79ede774-5423-429d-92e2-81ffc004351a;CO-ATL;08;08573000;ATLÁNTICO;PUERTO COLOMBIA
0ed42be7-75cf-4d46-a474-d6f56eb0b053;CO-ATL;08;08606000;ATLÁNTICO;REPELÓN
82941cbf-8b99-43c4-8ffd-847989546d3f;CO-ATL;08;08634000;ATLÁNTICO;SABANAGRANDE
1514eb6c-df8e-4389-ba3b-b2a49aa13e92;CO-ATL;08;08638000;ATLÁNTICO;SABANALARGA
5ac3c643-2df9-4899-83e6-7eaf63d4a1df;CO-ATL;08;08675000;ATLÁNTICO;SANTA LUCÍA
3c221ff1-7a2b-4002-bb68-c95cebbfc60f;CO-ATL;08;08685000;ATLÁNTICO;SANTO TOMÁS
11fcab7b-2789-4f08-b659-57b9d9cb42ff;CO-ATL;08;08758000;ATLÁNTICO;SOLEDAD
046dd5d3-8a03-425f-a70c-930744925553;CO-ATL;08;08770000;ATLÁNTICO;SUAN
37f72fa0-f00c-4442-b9ab-22e3a64d2ee6;CO-ATL;08;08832000;ATLÁNTICO;TUBARÁ
17102f38-cc6a-45f7-ae35-a7afc59fe665;CO-ATL;08;08849000;ATLÁNTICO;USIACURÍ
74cdd1c1-91cf-4f26-9d52-b4d3b17c784d;CO-BOG;11;11001000;BOGOTÁ. D.C.;BOGOTÁ. D.C.
daad70ea-0ce9-4116-9fc0-0317bbfac8f7;CO-BOL;13;13006000;BOLÍVAR;ACHÍ
250cd8c2-c526-4ab2-bf67-3249efdd3148;CO-BOL;13;13030000;BOLÍVAR;ALTOS DEL ROSARIO
55ef238a-9b3c-4bcc-8d03-7d6132f56984;CO-BOL;13;13042000;BOLÍVAR;ARENAL
74a61f6f-aabc-4f2d-8933-891b41ae377b;CO-BOL;13;13052000;BOLÍVAR;ARJONA
bcff8308-1920-4691-ba72-b78b0fe85024;CO-BOL;13;13062000;BOLÍVAR;ARROYOHONDO
a365af48-748d-4c1d-a8bf-d32c1e5ad7ea;CO-BOL;13;13074000;BOLÍVAR;BARRANCO DE LOBA
851d1728-6ca2-47a1-9968-cd3b349104e0;CO-BOL;13;13140000;BOLÍVAR;CALAMAR
6125a7d8-a61b-4c55-9996-17a06a0b206f;CO-BOL;13;13160000;BOLÍVAR;CANTAGALLO
e54ac5b4-8a83-4ebd-94a5-7fa03de2b440;CO-BOL;13;13001000;BOLÍVAR;CARTAGENA DE INDIAS
c1a0e6b6-d409-4fcd-a23d-39e7c2d01d08;CO-BOL;13;13188000;BOLÍVAR;CICUCO
2b0b572f-962b-4fa4-9444-f841f15aa056;CO-BOL;13;13222000;BOLÍVAR;CLEMENCIA
4073cfe3-2788-4585-b074-9d88c87bb36f;CO-BOL;13;13212000;BOLÍVAR;CÓRDOBA
fabcdfb9-6c47-4bd3-834d-d3ff34ca77f4;CO-BOL;13;13244000;BOLÍVAR;EL CARMEN DE BOLÍVAR
9fd6a53d-a4f5-447c-aa1e-41a3529452fe;CO-BOL;13;13248000;BOLÍVAR;EL GUAMO
e17a8ed6-2333-4447-adcc-cfdb361b4019;CO-BOL;13;13268000;BOLÍVAR;EL PEÑÓN
4914511f-82ff-4c28-92d0-7f0e5a258700;CO-BOL;13;13300000;BOLÍVAR;HATILLO DE LOBA
0da15ac2-ae14-4c7f-a1e5-27593de56109;CO-BOL;13;13430000;BOLÍVAR;MAGANGUÉ
21c02476-3297-47e8-837e-6b139a74fb88;CO-BOL;13;13433000;BOLÍVAR;MAHATES
b16a8a2e-103c-4e66-b749-3c4dc1a2f55d;CO-BOL;13;13440000;BOLÍVAR;MARGARITA
a4937420-1a53-4ed5-909b-dd1cfd102328;CO-BOL;13;13442000;BOLÍVAR;MARÍA LA BAJA
25fabb77-d554-4016-a006-8834f3d25490;CO-BOL;13;13458000;BOLÍVAR;MONTECRISTO
3633da57-9227-49b8-b9c3-5019606b7197;CO-BOL;13;13473000;BOLÍVAR;MORALES
61e25c8b-5bbf-496e-b870-ec55836ed08d;CO-BOL;13;13490000;BOLÍVAR;NOROSÍ
0f07afaf-bc19-4028-a072-0aedebf3d7ef;CO-BOL;13;13549000;BOLÍVAR;PINILLOS
1b837511-2561-446f-bcb6-fc31595a8b26;CO-BOL;13;13580000;BOLÍVAR;REGIDOR
a7859d39-44dc-461b-95f1-c50ad47e61f9;CO-BOL;13;13600000;BOLÍVAR;RÍO VIEJO
72859325-b913-4e02-8696-9eb5139a1734;CO-BOL;13;13620000;BOLÍVAR;SAN CRISTÓBAL
f3a17f5d-844f-4436-a224-dbf669ecc641;CO-BOL;13;13647000;BOLÍVAR;SAN ESTANISLAO
e022feda-707b-4ccc-a059-5a25e2b8ba01;CO-BOL;13;13650000;BOLÍVAR;SAN FERNANDO
823f3adb-d1ed-4a84-b606-2beb85117e3e;CO-BOL;13;13654000;BOLÍVAR;SAN JACINTO
993ea141-fdbd-4149-9c7a-93081d036e01;CO-BOL;13;13655000;BOLÍVAR;SAN JACINTO DEL CAUCA
9291edb2-6f9d-46e9-afec-815d965002b1;CO-BOL;13;13657000;BOLÍVAR;SAN JUAN NEPOMUCENO
56a05cc0-e533-4fa9-9d49-48587b2c360a;CO-BOL;13;13667000;BOLÍVAR;SAN MARTÍN DE LOBA
2a23dd45-6736-4194-82f0-4ab8521ca2af;CO-BOL;13;13670000;BOLÍVAR;SAN PABLO
6aee6996-c6e5-4287-9f19-7039d99eb9df;CO-BOL;13;13673000;BOLÍVAR;SANTA CATALINA
79682ee8-685b-4dab-9eb1-6c1a337a061f;CO-BOL;13;13468000;BOLÍVAR;SANTA CRUZ DE MOMPOX
12eccd69-1692-49ce-832d-f8b0c244bcb1;CO-BOL;13;13683000;BOLÍVAR;SANTA ROSA
935713f8-2dbf-4c8a-b468-25c0263c0211;CO-BOL;13;13688000;BOLÍVAR;SANTA ROSA DEL SUR
10b97c61-97a6-414a-86a0-bc66f343696f;CO-BOL;13;13744000;BOLÍVAR;SIMITÍ
f7761e08-3ce6-44fb-aca8-bbe5404e1343;CO-BOL;13;13760000;BOLÍVAR;SOPLAVIENTO
12418eb7-9e09-4478-8385-e53d124613e9;CO-BOL;13;13780000;BOLÍVAR;TALAIGUA NUEVO
841bbace-b344-4077-9e83-9c961e8eb4a4;CO-BOL;13;13810000;BOLÍVAR;TIQUISIO
ea536f44-192e-4686-9cbe-babb4255229b;CO-BOL;13;13836000;BOLÍVAR;TURBACO
644493c7-a09e-4f3d-a72f-464e854cc71d;CO-BOL;13;13838000;BOLÍVAR;TURBANÁ
b0a52eca-926b-47bd-b2cc-c9e76f1f71d3;CO-BOL;13;13873000;BOLÍVAR;VILLANUEVA
71100e79-2937-49a3-b48f-a99262ba0b01;CO-BOL;13;13894000;BOLÍVAR;ZAMBRANO
22847032-dc7b-405d-80d4-5b91352c25d4;CO-BOY;15;15022000;BOYACÁ;ALMEIDA
65a6ca61-35a1-45eb-82b5-be9c03f4f51e;CO-BOY;15;15047000;BOYACÁ;AQUITANIA
f7624ca1-1fbe-46e5-9a76-2c9416b76211;CO-BOY;15;15051000;BOYACÁ;ARCABUCO
19c6458d-cb0f-49aa-84d0-6cf80c4f6202;CO-BOY;15;15087000;BOYACÁ;BELÉN
fa77d3ca-1929-46f1-a394-00f3ce1819b5;CO-BOY;15;15090000;BOYACÁ;BERBEO
0f994e38-514e-4554-9698-e05fea3e2943;CO-BOY;15;15092000;BOYACÁ;BETÉITIVA
4b2e48a1-7514-4c43-a15b-3a217a6f59bd;CO-BOY;15;15097000;BOYACÁ;BOAVITA
a7788495-d81f-40c7-9e54-442809869f76;CO-BOY;15;15104000;BOYACÁ;BOYACÁ
b2d0cc72-b14f-4b94-82ee-8e8e8bf7a566;CO-BOY;15;15106000;BOYACÁ;BRICEÑO
23e096c3-ec91-486a-8e60-6e0ba7221dca;CO-BOY;15;15109000;BOYACÁ;BUENAVISTA
e0646d7b-6ef7-4f15-bba9-856fbee151de;CO-BOY;15;15114000;BOYACÁ;BUSBANZÁ
e80689a4-ff04-4e0d-bc4e-6e6efb7aea32;CO-BOY;15;15131000;BOYACÁ;CALDAS
ec4969c5-d7dd-480b-859b-0e353cd29ddb;CO-BOY;15;15135000;BOYACÁ;CAMPOHERMOSO
136db3e6-98f0-4f99-8bfa-697fb2ed48e5;CO-BOY;15;15162000;BOYACÁ;CERINZA
b5500c3e-8c19-4453-907c-b26c40d6605c;CO-BOY;15;15172000;BOYACÁ;CHINAVITA
ad961151-fc13-439a-bd4d-be3c77d44057;CO-BOY;15;15176000;BOYACÁ;CHIQUINQUIRÁ
3d87d52b-3d94-48a1-b60a-0aafcc4e4fc8;CO-BOY;15;15232000;BOYACÁ;CHÍQUIZA
1ec30c75-700a-4232-be12-d728a539ad9e;CO-BOY;15;15180000;BOYACÁ;CHISCAS
f89370e6-c3fb-4f83-a005-f50b416cae28;CO-BOY;15;15183000;BOYACÁ;CHITA
4a22f993-9529-4342-b7e5-3050db4dfc1e;CO-BOY;15;15185000;BOYACÁ;CHITARAQUE
cbe5c85c-1d91-4817-af20-f5c48f570b75;CO-BOY;15;15187000;BOYACÁ;CHIVATÁ
ed726caa-2922-46b0-b378-b851dba5a524;CO-BOY;15;15236000;BOYACÁ;CHIVOR
ae10dd4b-4eed-4efb-93eb-ac9838d7ed7a;CO-BOY;15;15189000;BOYACÁ;CIÉNEGA
37763d9c-80a0-4944-b2e6-aad3adaa8fe7;CO-BOY;15;15204000;BOYACÁ;CÓMBITA
dcab4164-e050-4fca-bf1e-3675a8f98efd;CO-BOY;15;15212000;BOYACÁ;COPER
3ef99e32-257e-4e9f-a0d6-7525e3d68cb3;CO-BOY;15;15215000;BOYACÁ;CORRALES
35af7d9b-ab24-4122-b85f-84d58dbbca36;CO-BOY;15;15218000;BOYACÁ;COVARACHÍA
c4f7a6df-d7b9-4476-8da0-f97bcef7d3e0;CO-BOY;15;15223000;BOYACÁ;CUBARÁ
6ef19525-866f-4962-8be4-3d92d422164d;CO-BOY;15;15224000;BOYACÁ;CUCAITA
0544fe72-0923-459d-9b2e-839a006b5ae6;CO-BOY;15;15226000;BOYACÁ;CUÍTIVA
6f5fbafd-fadc-44c2-8a27-442bc8d657cd;CO-BOY;15;15238000;BOYACÁ;DUITAMA
1fbb251f-6f92-4dca-a926-3dcbd9278a87;CO-BOY;15;15244000;BOYACÁ;EL COCUY
c5d4f501-c695-414c-a16b-380f583261ac;CO-BOY;15;15248000;BOYACÁ;EL ESPINO
e9db36b1-0e25-4b63-ace0-836174b77e33;CO-BOY;15;15272000;BOYACÁ;FIRAVITOBA
c579a748-dc6c-412c-89ff-be648d7da033;CO-BOY;15;15276000;BOYACÁ;FLORESTA
eea09480-c78d-47b8-b69c-1085e83c13e5;CO-BOY;15;15293000;BOYACÁ;GACHANTIVÁ
2c9c090c-d963-4e7f-95fa-4538becb9592;CO-BOY;15;15296000;BOYACÁ;GÁMEZA
36bc81d1-0ad8-4c55-9363-4c962d76656a;CO-BOY;15;15299000;BOYACÁ;GARAGOA
fc1978a1-c137-46a8-a14e-2a66e1865286;CO-BOY;15;15317000;BOYACÁ;GUACAMAYAS
2c7c14dd-48af-482e-8c97-90fdb36ed84e;CO-BOY;15;15322000;BOYACÁ;GUATEQUE
bc863366-8852-4f1d-bd71-0cefa51bc25e;CO-BOY;15;15325000;BOYACÁ;GUAYATÁ
af069ab0-4b44-455e-b9ec-e799ba2a0824;CO-BOY;15;15332000;BOYACÁ;GÜICÁN DE LA SIERRA
5d55400c-0179-4695-808e-db63e7b70b60;CO-BOY;15;15362000;BOYACÁ;IZA
4f0a1d36-b93c-4e01-8af9-e5500e4197d0;CO-BOY;15;15367000;BOYACÁ;JENESANO
6f9b60ca-1dbf-45fe-9176-b89f6d9eb48a;CO-BOY;15;15368000;BOYACÁ;JERICÓ
0fd11896-ea77-492e-a017-bc8cd4c5268f;CO-BOY;15;15377000;BOYACÁ;LABRANZAGRANDE
ca661cf3-f94c-4aa3-bac5-72cf63ca3cc4;CO-BOY;15;15380000;BOYACÁ;LA CAPILLA
ec2716cc-e048-4bd6-9833-a511e5816dda;CO-BOY;15;15403000;BOYACÁ;LA UVITA
4ec4108b-834d-43e4-8e3c-3a707dffbdcb;CO-BOY;15;15401000;BOYACÁ;LA VICTORIA
275b0a1c-a69b-4f3c-87e5-5b013d52ee9a;CO-BOY;15;15425000;BOYACÁ;MACANAL
835b0e71-ec6c-4a24-8f76-1935fedf61b8;CO-BOY;15;15442000;BOYACÁ;MARIPÍ
a35e08d6-7c1c-4635-9c91-1eee114dda4f;CO-BOY;15;15455000;BOYACÁ;MIRAFLORES
8d166197-7c3a-4fb2-bfd3-ba7ddc1d51fd;CO-BOY;15;15464000;BOYACÁ;MONGUA
837b7a2f-6faf-4f53-9b88-4468a762ff45;CO-BOY;15;15466000;BOYACÁ;MONGUÍ
eb762ad2-e86f-4827-b379-6d7f0ea5ee14;CO-BOY;15;15469000;BOYACÁ;MONIQUIRÁ
1560f939-97e4-4c69-ad91-5dd6c8b63e17;CO-BOY;15;15476000;BOYACÁ;MOTAVITA
72b7918b-61b3-47fc-a658-f0aa97c096cf;CO-BOY;15;15480000;BOYACÁ;MUZO
afb1f326-8067-4d46-b693-9dc6f6c8de41;CO-BOY;15;15491000;BOYACÁ;NOBSA
444fdf15-d229-4500-9b0d-ca9918b84fea;CO-BOY;15;15494000;BOYACÁ;NUEVO COLÓN
832b5c93-97c7-4a21-b4fd-ab514b7bd65e;CO-BOY;15;15500000;BOYACÁ;OICATÁ
ae7d225e-7a86-4f80-9768-64107ad43d7c;CO-BOY;15;15507000;BOYACÁ;OTANCHE
f116b620-4df5-4f3c-ba9f-3dcc5cbc672e;CO-BOY;15;15511000;BOYACÁ;PACHAVITA
db121117-32a4-4ea3-96fc-e6b4539ee30d;CO-BOY;15;15514000;BOYACÁ;PÁEZ
1f9d0fa6-afeb-4d42-8a9d-58cf1c7ded2e;CO-BOY;15;15516000;BOYACÁ;PAIPA
4c7c5e64-635f-447e-a05a-70357aa2b04c;CO-BOY;15;15518000;BOYACÁ;PAJARITO
504bb5b4-270f-4ae4-b7ed-4fdccd84201b;CO-BOY;15;15522000;BOYACÁ;PANQUEBA
f86fcc11-a14b-4423-b66c-cfacb13ec770;CO-BOY;15;15531000;BOYACÁ;PAUNA
50d4bc9b-4e99-48c5-b539-63ba711b5904;CO-BOY;15;15533000;BOYACÁ;PAYA
461930ee-6436-431e-bef2-e6eb5fa5f46a;CO-BOY;15;15537000;BOYACÁ;PAZ DE RÍO
55e3624c-94de-4d4a-b869-80864d58026b;CO-BOY;15;15542000;BOYACÁ;PESCA
2f89a6ca-8cf4-4dc2-a162-53495d568e79;CO-BOY;15;15550000;BOYACÁ;PISBA
54a8018b-3897-4ffe-993f-fe7a3673a40c;CO-BOY;15;15572000;BOYACÁ;PUERTO BOYACÁ
e10d6a07-5563-4647-9410-dad9e5f9dade;CO-BOY;15;15580000;BOYACÁ;QUÍPAMA
43e25130-d339-44e7-bc9c-0c6bd5c93aa7;CO-BOY;15;15599000;BOYACÁ;RAMIRIQUÍ
c6c706a4-d625-4654-b74a-4bf834a21089;CO-BOY;15;15600000;BOYACÁ;RÁQUIRA
308cbea8-467b-4e5d-a61d-f265c21dcd49;CO-BOY;15;15621000;BOYACÁ;RONDÓN
8054c90f-c917-4558-bf33-20935a51f616;CO-BOY;15;15632000;BOYACÁ;SABOYÁ
864ad300-8fd4-494b-9db8-4d356c187b56;CO-BOY;15;15638000;BOYACÁ;SÁCHICA
70b6317b-6b0f-40af-ac31-7e699f9144af;CO-BOY;15;15646000;BOYACÁ;SAMACÁ
25a77beb-4b95-435b-b5c9-d050213a3f6e;CO-BOY;15;15660000;BOYACÁ;SAN EDUARDO
052b59af-cd94-4d60-a466-b7867083551c;CO-BOY;15;15664000;BOYACÁ;SAN JOSÉ DE PARE
cb26dc66-0c6c-499f-bdc4-1a7e6256d0b8;CO-BOY;15;15667000;BOYACÁ;SAN LUIS DE GACENO
fb46aff1-8108-4fe5-8de1-de831a1d0ed1;CO-BOY;15;15673000;BOYACÁ;SAN MATEO
e93d4240-9b3c-44ce-b433-5a0659770e29;CO-BOY;15;15676000;BOYACÁ;SAN MIGUEL DE SEMA
ee1ec8bd-c31f-4833-9e89-152d9c3b84ab;CO-BOY;15;15681000;BOYACÁ;SAN PABLO DE BORBUR
84025903-f290-407b-8e57-67019aa10ed2;CO-BOY;15;15690000;BOYACÁ;SANTA MARÍA
badd1073-097b-421d-b9e8-d2474e7d3bca;CO-BOY;15;15686000;BOYACÁ;SANTANA
04bf9951-637c-47f1-8ea7-8e23203d72d5;CO-BOY;15;15693000;BOYACÁ;SANTA ROSA DE VITERBO
fd629c8f-2fa5-4ecb-b59a-a34dc1d3b9c6;CO-BOY;15;15696000;BOYACÁ;SANTA SOFÍA
9cedaf17-35ec-499f-afc7-452b26649bce;CO-BOY;15;15720000;BOYACÁ;SATIVANORTE
c6904b74-772f-42cc-abf4-aa107ab6e4a5;CO-BOY;15;15723000;BOYACÁ;SATIVASUR
6055ec69-5b2e-4b20-999d-ad95dc066757;CO-BOY;15;15740000;BOYACÁ;SIACHOQUE
cca1c4c2-917e-40eb-89ce-003e0a560ff6;CO-BOY;15;15753000;BOYACÁ;SOATÁ
5d9f0237-8f26-4d6e-b51b-1b7b023f47c9;CO-BOY;15;15757000;BOYACÁ;SOCHA
9c64e16d-ef8f-47a2-8ac3-e1bbde508514;CO-BOY;15;15755000;BOYACÁ;SOCOTÁ
8215ae98-c5b6-4cd7-a2e7-35ad2383617e;CO-BOY;15;15759000;BOYACÁ;SOGAMOSO
5d0edf62-3d00-4a52-9493-d08a80aa0e92;CO-BOY;15;15761000;BOYACÁ;SOMONDOCO
071ef279-19e0-49d0-a439-1c14b169efa1;CO-BOY;15;15762000;BOYACÁ;SORA
bbaff38e-b636-4e6a-880b-78c2704d9676;CO-BOY;15;15764000;BOYACÁ;SORACÁ
12ecc267-b0bd-4453-9a77-ab57dbcac2d1;CO-BOY;15;15763000;BOYACÁ;SOTAQUIRÁ
228e6fbd-a5ad-4894-8bce-79a9f457dce2;CO-BOY;15;15774000;BOYACÁ;SUSACÓN
25b0c10b-9b29-43a7-bc2a-f0151936c0c1;CO-BOY;15;15776000;BOYACÁ;SUTAMARCHÁN
33729fa7-3359-4594-b1f3-b40b8c72b03d;CO-BOY;15;15778000;BOYACÁ;SUTATENZA
9ee7d7cc-1a98-422d-909e-2111dda48e22;CO-BOY;15;15790000;BOYACÁ;TASCO
88c90678-047c-4dcb-a07b-18947cd94f8d;CO-BOY;15;15798000;BOYACÁ;TENZA
ff3628c1-0a46-468f-a712-93633b6dce68;CO-BOY;15;15804000;BOYACÁ;TIBANÁ
49bf2684-0967-4663-bcce-5ada594229fd;CO-BOY;15;15806000;BOYACÁ;TIBASOSA
bf9cbf2b-91c0-4a24-bef6-192559c604a9;CO-BOY;15;15808000;BOYACÁ;TINJACÁ
e0127eca-d95e-4eeb-a324-16dc31cfd6f8;CO-BOY;15;15810000;BOYACÁ;TIPACOQUE
8a48900b-4071-474b-b263-b5b63c5cd4dd;CO-BOY;15;15814000;BOYACÁ;TOCA
b0d5c6e1-a92b-41e2-9783-313549d5cf61;CO-BOY;15;15816000;BOYACÁ;TOGÜÍ
5a698418-27b2-40f1-b101-94e658865c0c;CO-BOY;15;15820000;BOYACÁ;TÓPAGA
ba088b6c-1eec-4c7b-aea3-659a9228bcc6;CO-BOY;15;15822000;BOYACÁ;TOTA
f167e197-8b5b-4879-ac4f-10d56375cd1e;CO-BOY;15;15001000;BOYACÁ;TUNJA
cb4631ce-c737-4969-95c4-5f4bd7a10ace;CO-BOY;15;15832000;BOYACÁ;TUNUNGUÁ
866999b6-3ac8-4810-a9c6-5470ea5e5917;CO-BOY;15;15835000;BOYACÁ;TURMEQUÉ
03f41414-c5b0-464d-9c0d-f21fa3e11ad8;CO-BOY;15;15837000;BOYACÁ;TUTA
b67dd25d-1651-490f-880f-f49af2243e44;CO-BOY;15;15839000;BOYACÁ;TUTAZÁ
3cbda59f-d358-4826-a192-f62e63bd8794;CO-BOY;15;15842000;BOYACÁ;ÚMBITA
d6c0e69f-43c2-4c1e-915d-ac08a6ac1f1f;CO-BOY;15;15861000;BOYACÁ;VENTAQUEMADA
26dec216-9768-4569-8cf8-250d34b90d2e;CO-BOY;15;15407000;BOYACÁ;VILLA DE LEYVA
eaf5e5cf-9069-44f5-a6c7-9faa930c96fb;CO-BOY;15;15879000;BOYACÁ;VIRACACHÁ
050d86c6-fc6e-425c-bb82-93ef0b4aae19;CO-BOY;15;15897000;BOYACÁ;ZETAQUIRA
c1c59c71-a44a-4f24-9367-03b9d66352bc;CO-CAL;17;17013000;CALDAS;AGUADAS
cd5f7d97-f7f2-42db-b141-16dd1d4c929f;CO-CAL;17;17042000;CALDAS;ANSERMA
5f9ba558-0b9d-4a80-922c-669df2138df6;CO-CAL;17;17050000;CALDAS;ARANZAZU
7f6fabd0-a2a9-42cb-9d7b-1a2ee10eee27;CO-CAL;17;17088000;CALDAS;BELALCÁZAR
8a6c539a-632c-4169-bde0-5be95dd31a8e;CO-CAL;17;17174000;CALDAS;CHINCHINÁ
1e9dd703-44b2-4386-a85e-b74096c92d49;CO-CAL;17;17272000;CALDAS;FILADELFIA
32377155-8492-4445-bb04-3aeb51e0cfd1;CO-CAL;17;17380000;CALDAS;LA DORADA
a3d93046-7e52-4f87-9eec-4672b021ed76;CO-CAL;17;17388000;CALDAS;LA MERCED
703efde7-7fe1-48e3-a24f-dcc620599e05;CO-CAL;17;17001000;CALDAS;MANIZALES
f3f44aed-14c6-4413-b11d-2776a7f6e0ab;CO-CAL;17;17433000;CALDAS;MANZANARES
748d7a27-561f-4f20-b7e4-1fb427e31e2f;CO-CAL;17;17442000;CALDAS;MARMATO
834dc5eb-390a-42a2-8a5f-0a2aaf6184ea;CO-CAL;17;17444000;CALDAS;MARQUETALIA
41292c7b-4a32-40b8-b8f5-7dde1c16a6c8;CO-CAL;17;17446000;CALDAS;MARULANDA
d42f8ff4-76ff-4b8d-ba7b-b641dec0e519;CO-CAL;17;17486000;CALDAS;NEIRA
0c554ed7-ec07-42ce-9813-85e3acb580a2;CO-CAL;17;17495000;CALDAS;NORCASIA
2ff338f1-ae95-446d-9c3b-127f15ca3e2c;CO-CAL;17;17513000;CALDAS;PÁCORA
93816c14-d01f-497a-a4fd-68e4bf7f255d;CO-CAL;17;17524000;CALDAS;PALESTINA
674dd2cf-b284-4c69-b534-ec4f2b247852;CO-CAL;17;17541000;CALDAS;PENSILVANIA
b5c673f2-245b-49fb-8b43-b2e982b841df;CO-CAL;17;17614000;CALDAS;RIOSUCIO
82b84c13-21e3-453a-a4ec-e1606b35ec49;CO-CAL;17;17616000;CALDAS;RISARALDA
ebd00caf-4e1c-46d6-b826-378a93e0000b;CO-CAL;17;17653000;CALDAS;SALAMINA
ee1b997c-4789-4940-a632-46856b0b389d;CO-CAL;17;17662000;CALDAS;SAMANÁ
91848edf-77e7-4cdc-9e4e-cc9a24c1b628;CO-CAL;17;17665000;CALDAS;SAN JOSÉ
df0a7054-dfe7-4d73-a5b9-65cca5186610;CO-CAL;17;17777000;CALDAS;SUPÍA
0ab1b3f7-e017-49e1-a85f-f0ff4f93931b;CO-CAL;17;17867000;CALDAS;VICTORIA
6cd1da91-3013-45e8-aad9-3b174a216848;CO-CAL;17;17873000;CALDAS;VILLAMARÍA
9fc68020-7161-41a2-993c-ce88a751a066;CO-CAL;17;17877000;CALDAS;VITERBO
57b0a7c9-91c8-4ee2-b313-44cbb4ed8307;CO-CAQ;18;18029000;CAQUETÁ;ALBANIA
f4cf4002-4dcd-436f-b83f-8eea23646013;CO-CAQ;18;18094000;CAQUETÁ;BELÉN DE LOS ANDAQUÍES
6666213c-e40a-4472-ad69-c0f2b31dca80;CO-CAQ;18;18150000;CAQUETÁ;CARTAGENA DEL CHAIRÁ
ff986071-c5e1-4599-8e60-7ac1180ae612;CO-CAQ;18;18205000;CAQUETÁ;CURILLO
42254d2d-ba6d-4a24-9281-f9fcfe8cb7cd;CO-CAQ;18;18247000;CAQUETÁ;EL DONCELLO
c3aa783d-0ba3-4d3d-a842-254d5f6d3812;CO-CAQ;18;18256000;CAQUETÁ;EL PAUJÍL
0317080c-d8b6-4c22-83ee-2dfd7163a334;CO-CAQ;18;18001000;CAQUETÁ;FLORENCIA
143da2a5-e980-4382-9488-e5cd8bd41304;CO-CAQ;18;18410000;CAQUETÁ;LA MONTAÑITA
17839818-9c2a-434e-b9de-4f1dd8633aba;CO-CAQ;18;18460000;CAQUETÁ;MILÁN
4ce281d7-442b-42bf-9532-c42bd23a4151;CO-CAQ;18;18479000;CAQUETÁ;MORELIA
3816ae8c-231f-4f98-a54c-75683609b68a;CO-CAQ;18;18592000;CAQUETÁ;PUERTO RICO
b096b185-59d2-40fd-8740-49f801fdf525;CO-CAQ;18;18610000;CAQUETÁ;SAN JOSÉ DEL FRAGUA
be0dc1b1-da1d-4e7f-b988-369e23efe7c9;CO-CAQ;18;18753000;CAQUETÁ;SAN VICENTE DEL CAGUÁN
ced843e6-5b7b-4c3b-ba22-177926e31bd2;CO-CAQ;18;18756000;CAQUETÁ;SOLANO
21ff13be-47be-4d52-8d90-f5152dbe887b;CO-CAQ;18;18785000;CAQUETÁ;SOLITA
2dc6209b-e940-446d-a009-ed27907e0c76;CO-CAQ;18;18860000;CAQUETÁ;VALPARAÍSO
ce58cc7a-741d-42c2-8335-7d04e7fdf6ba;CO-CAS;85;85010000;CASANARE;AGUAZUL
4db6452e-1667-4899-bcf9-42321380fe4a;CO-CAS;85;85015000;CASANARE;CHÁMEZA
79d50276-0c78-499e-a541-1725bc534175;CO-CAS;85;85125000;CASANARE;HATO COROZAL
5f0f3994-de26-4506-b3f6-63e2b1a24e9f;CO-CAS;85;85136000;CASANARE;LA SALINA
3fecad9c-4d95-47cf-8be8-58dbb1215809;CO-CAS;85;85139000;CASANARE;MANÍ
acd9e834-6ec6-45c1-b1c5-dcc818c0f4a2;CO-CAS;85;85162000;CASANARE;MONTERREY
1397b278-f679-4ebc-b1d8-513a1605bf9f;CO-CAS;85;85225000;CASANARE;NUNCHÍA
9e3e074a-ef14-4498-92bf-f5cff8c5589a;CO-CAS;85;85230000;CASANARE;OROCUÉ
f743e51f-9ebb-4cf1-8fe9-d5d3528cadbc;CO-CAS;85;85250000;CASANARE;PAZ DE ARIPORO
061aad55-291f-4612-b09b-2dc4acb4b283;CO-CAS;85;85263000;CASANARE;PORE
48a3db1f-c593-4c66-a9c5-1c10b8c263a1;CO-CAS;85;85279000;CASANARE;RECETOR
c300a6f8-ea27-429e-87bb-a6e8cdc56501;CO-CAS;85;85300000;CASANARE;SABANALARGA
8061b2e6-0ac2-4adb-9049-ba74179dc327;CO-CAS;85;85315000;CASANARE;SÁCAMA
1689f066-ece4-4518-b35f-300c102dd7cf;CO-CAS;85;85325000;CASANARE;SAN LUIS DE PALENQUE
d80d84a3-1c5c-4a25-8012-05b6026dde3f;CO-CAS;85;85400000;CASANARE;TÁMARA
96180218-34f2-4a4f-8940-c5f260f6b5cd;CO-CAS;85;85410000;CASANARE;TAURAMENA
b6ddef25-75d8-4a2d-ace0-fc1ba1b56e78;CO-CAS;85;85430000;CASANARE;TRINIDAD
b9d8a00d-50a8-49c8-9a81-cc8526b49890;CO-CAS;85;85440000;CASANARE;VILLANUEVA
fc6a7766-00ab-4789-949c-9b4727b52f0e;CO-CAS;85;85001000;CASANARE;YOPAL
cdf4a446-4aea-4953-bc54-012d87b9764a;CO-CAU;19;19022000;CAUCA;ALMAGUER
ca70ab1c-5860-445a-86e6-9e0ec51d0fa4;CO-CAU;19;19050000;CAUCA;ARGELIA
4638757c-3a66-4311-9b6a-c7817e692fae;CO-CAU;19;19075000;CAUCA;BALBOA
3b67a00b-3144-44e2-a4c6-b32770cad36b;CO-CAU;19;19100000;CAUCA;BOLÍVAR
e82fb425-a528-42fd-9fdb-295901dbb033;CO-CAU;19;19110000;CAUCA;BUENOS AIRES
9c7482b5-86c7-4957-8016-0dcc15d5b3b7;CO-CAU;19;19130000;CAUCA;CAJIBÍO
239305ae-4260-4034-9242-ec64fea8bbff;CO-CAU;19;19137000;CAUCA;CALDONO
1066f0da-efbb-42b6-aa91-117b9275bab5;CO-CAU;19;19142000;CAUCA;CALOTO
ad0d63a7-6617-46bc-b7c5-2899a8d36be0;CO-CAU;19;19212000;CAUCA;CORINTO
a4b22579-37d9-472a-8cc8-b21861afe343;CO-CAU;19;19256000;CAUCA;EL TAMBO
31a79597-5093-4d3a-a0cf-92fc7ecc3a33;CO-CAU;19;19290000;CAUCA;FLORENCIA
a9d8629c-f9e6-4c16-8e71-c4e0e906a323;CO-CAU;19;19300000;CAUCA;GUACHENÉ
1a98e46c-fe38-4d34-aa70-a0ff5dc8cc55;CO-CAU;19;19318000;CAUCA;GUAPI
13934256-2f5b-4627-8e91-ef3d8307c780;CO-CAU;19;19355000;CAUCA;INZÁ
9b744803-b735-4d14-ae94-0e6b0957d5c7;CO-CAU;19;19364000;CAUCA;JAMBALÓ
c458b3e3-6a64-4614-8f02-a7cfbf5974bb;CO-CAU;19;19392000;CAUCA;LA SIERRA
c5e79b9a-2e38-4c44-b037-6ffad0717f3a;CO-CAU;19;19397000;CAUCA;LA VEGA
e3312781-9f0b-4c1b-b5db-75844568243d;CO-CAU;19;19418000;CAUCA;LÓPEZ DE MICAY
a87c600c-fc49-4871-a032-1842bba6415c;CO-CAU;19;19450000;CAUCA;MERCADERES
31a95d1f-965b-4904-ad5f-c0a9b68b42c9;CO-CAU;19;19455000;CAUCA;MIRANDA
dc6a2400-c7c6-4919-9da0-19ff4297b797;CO-CAU;19;19473000;CAUCA;MORALES
0a42a898-bdf7-4e5f-8f00-d0da60858a57;CO-CAU;19;19513000;CAUCA;PADILLA
0d6650f1-3943-430d-8d28-19177f238a7e;CO-CAU;19;19517000;CAUCA;PÁEZ
3996636d-ca2d-4173-995b-6654613ebe41;CO-CAU;19;19532000;CAUCA;PATÍA
d4078423-67bd-4a85-991b-f39e9cff7c8d;CO-CAU;19;19533000;CAUCA;PIAMONTE
05f85c02-76a4-4f69-aef3-3e6f82bdf72b;CO-CAU;19;19548000;CAUCA;PIENDAMÓ - TUNÍA
385478ed-a58f-48e6-931b-1aa3995cc9bf;CO-CAU;19;19001000;CAUCA;POPAYÁN
7e8fbec2-9918-477b-848c-d609928aabbc;CO-CAU;19;19573000;CAUCA;PUERTO TEJADA
5a76dd6a-f40b-4b81-83b9-af91648a98f8;CO-CAU;19;19585000;CAUCA;PURACÉ
0154699d-0806-4b8a-9425-25092150dce3;CO-CAU;19;19622000;CAUCA;ROSAS
e2d6e57f-91e0-4756-886b-7a6640591540;CO-CAU;19;19693000;CAUCA;SAN SEBASTIÁN
3b00c489-2c6f-4d04-b8e5-2385e872f410;CO-CAU;19;19698000;CAUCA;SANTANDER DE QUILICHAO
783d5412-7741-4529-bb12-a002605e659e;CO-CAU;19;19701000;CAUCA;SANTA ROSA
5cafc811-87c8-45a9-b508-4202a42a7e00;CO-CAU;19;19743000;CAUCA;SILVIA
bbef7f4d-f578-4122-bfa3-383d700e88de;CO-CAU;19;19760000;CAUCA;SOTARÁ PAISPAMBA
3ccf61d4-3db2-4e4a-b1bf-255efadab3ed;CO-CAU;19;19780000;CAUCA;SUÁREZ
f361f86e-3512-47bf-b498-d743da36651f;CO-CAU;19;19785000;CAUCA;SUCRE
4256580e-b53f-4562-938a-44d3b8b6b79f;CO-CAU;19;19807000;CAUCA;TIMBÍO
6f436051-09b3-43e2-bbc0-0fcaf02c5d5e;CO-CAU;19;19809000;CAUCA;TIMBIQUÍ
a1203c04-4ecc-416b-bab2-a171ffe31454;CO-CAU;19;19821000;CAUCA;TORIBÍO
188c5107-1162-4bb4-b63e-9513d56077b2;CO-CAU;19;19824000;CAUCA;TOTORÓ
0930e744-76ad-416c-8646-66fed368e05e;CO-CAU;19;19845000;CAUCA;VILLA RICA
2dffe266-b61d-4838-be41-a5f3ed8a8ed4;CO-CES;20;20011000;CESAR;AGUACHICA
16e5b85d-e27e-4265-b706-9a64c1ed98a9;CO-CES;20;20013000;CESAR;AGUSTÍN CODAZZI
9a5c2972-d1d9-4d1c-a9cb-83d25b56d185;CO-CES;20;20032000;CESAR;ASTREA
08cd439c-52a3-4fee-92a4-90a47aa74681;CO-CES;20;20045000;CESAR;BECERRIL
d27a98b5-477a-4964-a853-4295d70bdc26;CO-CES;20;20060000;CESAR;BOSCONIA
19a5ccdb-26f8-44bb-a25d-91d3142937ec;CO-CES;20;20175000;CESAR;CHIMICHAGUA
6fb0fc8c-ba41-4e7e-b6d8-a8b11fcdfca1;CO-CES;20;20178000;CESAR;CHIRIGUANÁ
76bdf6b1-7ed9-4fe2-90f6-14434fce3236;CO-CES;20;20228000;CESAR;CURUMANÍ
1a91db7e-4f69-4dfa-aced-d8c4166dbc14;CO-CES;20;20238000;CESAR;EL COPEY
5de9487e-fe7d-45bb-83c0-c3d16618db6a;CO-CES;20;20250000;CESAR;EL PASO
5f4fe20d-a760-48c2-9b1b-d43ff241ff6d;CO-CES;20;20295000;CESAR;GAMARRA
15f23563-7a0d-4eaf-b5c5-43de34ba6004;CO-CES;20;20310000;CESAR;GONZÁLEZ
e93c9bf2-8d21-48cd-8e9c-96a31a1788ff;CO-CES;20;20383000;CESAR;LA GLORIA
d790a8b9-2346-43a0-8a45-e72f732d88ac;CO-CES;20;20400000;CESAR;LA JAGUA DE IBIRICO
ce37e8e3-87ec-46bb-b113-77e567042f9a;CO-CES;20;20621000;CESAR;LA PAZ
94b919a5-e091-47e8-a988-f5f8dfa1dc92;CO-CES;20;20443000;CESAR;MANAURE BALCÓN DEL CESAR
fbdda2f8-6fad-49af-9a93-47342c4985c3;CO-CES;20;20517000;CESAR;PAILITAS
5b238509-0be9-4f3f-80bb-a29f5fd043ff;CO-CES;20;20550000;CESAR;PELAYA
0088de61-f7f1-478a-83c6-ca652aff5650;CO-CES;20;20570000;CESAR;PUEBLO BELLO
c5643b0a-52f0-4032-b2d3-da04f3475305;CO-CES;20;20614000;CESAR;RÍO DE ORO
a8ff6d6b-3de5-4f2a-8ea4-5e29b3475e12;CO-CES;20;20710000;CESAR;SAN ALBERTO
9a5e7552-6a37-43b2-bf16-e275f66191e8;CO-CES;20;20750000;CESAR;SAN DIEGO
855df9e1-e19d-45c8-985a-9797ba72df6d;CO-CES;20;20770000;CESAR;SAN MARTÍN
a8257e95-6362-4a5d-b2c0-6bd39efef4f1;CO-CES;20;20787000;CESAR;TAMALAMEQUE
bc49a11d-c528-4701-b0f9-a8e1a20f2f49;CO-CES;20;20001000;CESAR;VALLEDUPAR
26065c84-f70d-4086-a4e1-d6600f8eff21;CO-CHO;27;27006000;CHOCÓ;ACANDÍ
87b019fd-7623-4e88-b1e4-656469e1bbec;CO-CHO;27;27025000;CHOCÓ;ALTO BAUDÓ
06962d63-d113-4717-af1c-4500b41a7e7b;CO-CHO;27;27050000;CHOCÓ;ATRATO
1641cc50-6629-42c4-8701-0c49f328ff56;CO-CHO;27;27073000;CHOCÓ;BAGADÓ
fc592cb5-873d-412a-b84a-0be58dfc4f40;CO-CHO;27;27075000;CHOCÓ;BAHÍA SOLANO
aec2d92b-0928-4251-9382-6eac6bff6f94;CO-CHO;27;27077000;CHOCÓ;BAJO BAUDÓ
888f1fe5-931c-45c9-a537-06e3adbae274;CO-CHO;27;27099000;CHOCÓ;BOJAYÁ
51edd913-f062-43e8-961f-1d2c009eea9c;CO-CHO;27;27150000;CHOCÓ;CARMEN DEL DARIÉN
daebf134-23d3-4021-97de-c1ca51abd893;CO-CHO;27;27160000;CHOCÓ;CÉRTEGUI
3e1fa116-7005-47f7-b9bf-1d43966c4c9c;CO-CHO;27;27205000;CHOCÓ;CONDOTO
b10e98fc-6119-4313-981a-e9f2d2eb1074;CO-CHO;27;27135000;CHOCÓ;EL CANTÓN DEL SAN PABLO
1ba05637-7a9b-4c67-8ed7-3965242e3709;CO-CHO;27;27245000;CHOCÓ;EL CARMEN DE ATRATO
e5650199-3bc8-4cd8-8e8c-3db6687e46fb;CO-CHO;27;27250000;CHOCÓ;EL LITORAL DEL SAN JUAN
d5223d67-7da8-4192-aa2e-4495e00624dd;CO-CHO;27;27361000;CHOCÓ;ISTMINA
dd2d5dd7-eb6c-48dc-a0d4-ac0e9f6fae40;CO-CHO;27;27372000;CHOCÓ;JURADÓ
4625c827-f534-4d3d-9908-ee2f68bfb78a;CO-CHO;27;27413000;CHOCÓ;LLORÓ
7d8152ff-b953-4fce-b1fa-c019d391e1c8;CO-CHO;27;27425000;CHOCÓ;MEDIO ATRATO
a3d07bb7-ca8b-40df-a760-17f574b12b2c;CO-CHO;27;27430000;CHOCÓ;MEDIO BAUDÓ
29d5eb16-7b51-4e1c-863a-d64877fc848e;CO-CHO;27;27450000;CHOCÓ;MEDIO SAN JUAN
87a7cc4e-e9ae-40b6-b563-21b618a9ec39;CO-CHO;27;27491000;CHOCÓ;NÓVITA
50be2f1c-0ed3-4047-8603-0f576e2a2986;CO-CHO;27;27495000;CHOCÓ;NUQUÍ
7160d14e-875c-46ce-9d75-b2d3824b5ef0;CO-CHO;27;27001000;CHOCÓ;QUIBDÓ
e99e8e7d-a1e2-4225-b407-13c2010b426e;CO-CHO;27;27580000;CHOCÓ;RÍO IRÓ
1b9ca141-ab71-4e97-8e54-a92001822faf;CO-CHO;27;27600000;CHOCÓ;RÍO QUITO
2bc85237-ad90-458e-84f3-d3633c81a901;CO-CHO;27;27615000;CHOCÓ;RIOSUCIO
c1d0c79c-5e76-47f5-8ec2-335576158f87;CO-CHO;27;27660000;CHOCÓ;SAN JOSÉ DEL PALMAR
5b674e0c-8ee9-4538-9821-703e4c303b50;CO-CHO;27;27745000;CHOCÓ;SIPÍ
c996bd2c-301c-46db-95b0-375e8607139a;CO-CHO;27;27787000;CHOCÓ;TADÓ
21aff23b-cd10-477c-a2c6-8b6466e77db8;CO-CHO;27;27800000;CHOCÓ;UNGUÍA
c3ca1dc0-b550-4333-b81f-f76bc4e39fcc;CO-CHO;27;27810000;CHOCÓ;UNIÓN PANAMERICANA
3a3cfb24-f199-4ab7-8681-83a270b347c8;CO-COR;23;23068000;CÓRDOBA;AYAPEL
7a433ca7-dc18-477d-bd2f-945f8b3fddf5;CO-COR;23;23079000;CÓRDOBA;BUENAVISTA
36e3e51a-c9fa-4c4e-9217-fb4875734d58;CO-COR;23;23090000;CÓRDOBA;CANALETE
a1be7a12-8240-4f36-aa83-8b2b9967f800;CO-COR;23;23162000;CÓRDOBA;CERETÉ
3686cbfd-336f-44b3-a364-ea6f2bb50ecb;CO-COR;23;23168000;CÓRDOBA;CHIMÁ
b71b4cc4-c6b5-4f0e-b17d-a2c86752def7;CO-COR;23;23182000;CÓRDOBA;CHINÚ
65e24cc5-14fc-4e39-8f2a-48ab60707aa3;CO-COR;23;23189000;CÓRDOBA;CIÉNAGA DE ORO
19a1168a-11a7-45c7-a255-431e19a296bd;CO-COR;23;23300000;CÓRDOBA;COTORRA
2963c967-b2a8-420f-a270-d7eba4d6edb7;CO-COR;23;23350000;CÓRDOBA;LA APARTADA
f60e9efa-0438-4553-ace4-7db8d42000c3;CO-COR;23;23417000;CÓRDOBA;LORICA
17ca1f34-cb0a-46ff-bb5b-ec37c6930645;CO-COR;23;23419000;CÓRDOBA;LOS CÓRDOBAS
b1508e63-3b71-4b2c-a3ba-cff4033ac1fb;CO-COR;23;23464000;CÓRDOBA;MOMIL
b291bd5d-8114-4f9e-bf9d-a1ba6330721e;CO-COR;23;23500000;CÓRDOBA;MOÑITOS
4374535a-8b71-47d7-afcb-cf953dafc82a;CO-COR;23;23466000;CÓRDOBA;MONTELÍBANO
8ec08ea9-8879-4a17-8143-329c6126fa0e;CO-COR;23;23001000;CÓRDOBA;MONTERÍA
784fa468-88e3-4cf5-94d1-11753ec6f7a1;CO-COR;23;23555000;CÓRDOBA;PLANETA RICA
83a07a1a-e89c-4272-83d0-4c560b25b3fc;CO-COR;23;23570000;CÓRDOBA;PUEBLO NUEVO
922fd0ac-dac6-4a4e-be2b-55f8b6f378d9;CO-COR;23;23574000;CÓRDOBA;PUERTO ESCONDIDO
74a09d9c-d218-477d-baf4-14d588b9a619;CO-COR;23;23580000;CÓRDOBA;PUERTO LIBERTADOR
5510ae40-e2c4-493a-b2b3-61583f0801da;CO-COR;23;23586000;CÓRDOBA;PURÍSIMA DE LA CONCEPCIÓN
b0a678fe-0cff-470b-8186-0f8a5778bd45;CO-COR;23;23660000;CÓRDOBA;SAHAGÚN
9d9c8f72-c290-41c7-8f84-aac90808f466;CO-COR;23;23670000;CÓRDOBA;SAN ANDRÉS DE SOTAVENTO
f6ac3618-13ac-43ec-b361-bdca05875c41;CO-COR;23;23672000;CÓRDOBA;SAN ANTERO
3684308d-3067-429f-b9b0-a8aedf741e90;CO-COR;23;23675000;CÓRDOBA;SAN BERNARDO DEL VIENTO
f3e75cc4-db59-4730-908a-a8f3dd0b5f5e;CO-COR;23;23678000;CÓRDOBA;SAN CARLOS
3aeb9d53-82a3-42f3-b979-8f0445a0de27;CO-COR;23;23682000;CÓRDOBA;SAN JOSÉ DE URÉ
0495e9a3-77a7-4a48-8d12-b16b65cd9a2f;CO-COR;23;23686000;CÓRDOBA;SAN PELAYO
ee8258b1-afdf-46e4-a46d-db322aa78b39;CO-COR;23;23807000;CÓRDOBA;TIERRALTA
475a54e8-4d91-4866-aed4-0ac1976b65e6;CO-COR;23;23815000;CÓRDOBA;TUCHÍN
7846e175-4020-46d6-b9c1-144c07e01dc8;CO-COR;23;23855000;CÓRDOBA;VALENCIA
a45906a9-a391-41aa-8c76-241328846dd2;CO-CUN;25;25001000;CUNDINAMARCA;AGUA DE DIOS
448ae2b8-6a55-4d7b-a48c-f4c59616f053;CO-CUN;25;25019000;CUNDINAMARCA;ALBÁN
810fc1d8-5714-47bf-bdf8-7a99b94ce1ce;CO-CUN;25;25035000;CUNDINAMARCA;ANAPOIMA
b03143aa-0613-4da5-b1a7-7dc23e9c41a4;CO-CUN;25;25040000;CUNDINAMARCA;ANOLAIMA
7484e697-0429-4f91-ae48-4d7d1e936e65;CO-CUN;25;25599000;CUNDINAMARCA;APULO
ff1256b6-3436-4eef-ae07-f1d49047799e;CO-CUN;25;25053000;CUNDINAMARCA;ARBELÁEZ
3f4f1a16-6c64-41c1-888b-364763c8033c;CO-CUN;25;25086000;CUNDINAMARCA;BELTRÁN
744a97c6-785b-4427-80d8-66d0d394d4c0;CO-CUN;25;25095000;CUNDINAMARCA;BITUIMA
cf69d839-11c9-416b-bf93-df9ddaf304b5;CO-CUN;25;25099000;CUNDINAMARCA;BOJACÁ
b400042e-0999-4de1-915d-227a3f29b350;CO-CUN;25;25120000;CUNDINAMARCA;CABRERA
794ee66c-a492-4de7-ab75-e43780209f2d;CO-CUN;25;25123000;CUNDINAMARCA;CACHIPAY
b361dc74-a079-46c9-a6c9-e2ab9f4ca318;CO-CUN;25;25126000;CUNDINAMARCA;CAJICÁ
d50988c9-1cca-44f9-8967-36419e8b00e3;CO-CUN;25;25148000;CUNDINAMARCA;CAPARRAPÍ
b87eac7a-7276-44e1-bfe3-9a535bbe6cc4;CO-CUN;25;25151000;CUNDINAMARCA;CÁQUEZA
5e016d0d-b1e8-470e-9864-37963eeafda3;CO-CUN;25;25154000;CUNDINAMARCA;CARMEN DE CARUPA
71d418cf-580a-4e0f-ab7f-1eabf149aa4d;CO-CUN;25;25168000;CUNDINAMARCA;CHAGUANÍ
44ab6122-7f7e-4100-b055-2bf8b1ba4288;CO-CUN;25;25175000;CUNDINAMARCA;CHÍA
e03ca151-b691-4602-84cf-2fb8c8833ea7;CO-CUN;25;25178000;CUNDINAMARCA;CHIPAQUE
4b002411-ccdb-4f5c-9f79-9a00c3dcffc9;CO-CUN;25;25181000;CUNDINAMARCA;CHOACHÍ
fe34ce0e-0a45-4782-a36e-718f81f9a48c;CO-CUN;25;25183000;CUNDINAMARCA;CHOCONTÁ
ee6acd66-3690-4813-9c2b-90e98b95b264;CO-CUN;25;25200000;CUNDINAMARCA;COGUA
adb22878-da59-45cd-b562-654e0db7d716;CO-CUN;25;25214000;CUNDINAMARCA;COTA
8aadf7b5-67d2-4767-80e0-a85c32ad493b;CO-CUN;25;25224000;CUNDINAMARCA;CUCUNUBÁ
b3cdaf2e-cf30-4ad7-881d-eaf98b4f19aa;CO-CUN;25;25245000;CUNDINAMARCA;EL COLEGIO
bc380eb0-9267-447e-b492-e265b85b1d41;CO-CUN;25;25258000;CUNDINAMARCA;EL PEÑÓN
2023ee5b-0c78-4ee1-85d7-8793aac20c7d;CO-CUN;25;25260000;CUNDINAMARCA;EL ROSAL
d4d5d5a3-6a56-4f37-823f-7063767d5ec1;CO-CUN;25;25269000;CUNDINAMARCA;FACATATIVÁ
8e23ec81-83f4-496d-b915-9caf352c0269;CO-CUN;25;25279000;CUNDINAMARCA;FÓMEQUE
c4838031-36a0-41b4-9eee-9d65d6e36f72;CO-CUN;25;25281000;CUNDINAMARCA;FOSCA
47fe2009-5387-421f-aa88-46efd2173e02;CO-CUN;25;25286000;CUNDINAMARCA;FUNZA
f451fd3d-221b-456c-ad33-3d144248dffc;CO-CUN;25;25288000;CUNDINAMARCA;FÚQUENE
6e33d489-39a5-42b1-9da1-0ff16b8645e8;CO-CUN;25;25290000;CUNDINAMARCA;FUSAGASUGÁ
7e15494e-5d7e-413e-bb27-b8de0400b372;CO-CUN;25;25293000;CUNDINAMARCA;GACHALÁ
6c432c52-b8fb-4b5b-9afa-505d17049465;CO-CUN;25;25295000;CUNDINAMARCA;GACHANCIPÁ
4ba343d7-4507-46f5-8255-04a089f0e395;CO-CUN;25;25297000;CUNDINAMARCA;GACHETÁ
b032afba-f44e-43b5-bf68-9f9aeee646ba;CO-CUN;25;25299000;CUNDINAMARCA;GAMA
2c97e381-341b-456c-9ea0-3c592e8637c9;CO-CUN;25;25307000;CUNDINAMARCA;GIRARDOT
d08456a9-15f6-4f7c-9c40-e6d316a2bdd1;CO-CUN;25;25312000;CUNDINAMARCA;GRANADA
802ee26d-2b5d-45a8-8afe-08f9954fc193;CO-CUN;25;25317000;CUNDINAMARCA;GUACHETÁ
abae6ef5-cf6e-42f2-b13d-9ea7b98b7e42;CO-CUN;25;25320000;CUNDINAMARCA;GUADUAS
1c2525ac-6ba9-4d78-a671-0a2ee8af271a;CO-CUN;25;25322000;CUNDINAMARCA;GUASCA
9476c26d-22fa-4bf8-a091-5aa276dc0dc5;CO-CUN;25;25324000;CUNDINAMARCA;GUATAQUÍ
26cce949-b774-4246-9e4b-e071c02c1321;CO-CUN;25;25326000;CUNDINAMARCA;GUATAVITA
1f789950-d202-4da7-9490-efbaaa755d84;CO-CUN;25;25328000;CUNDINAMARCA;GUAYABAL DE SÍQUIMA
95193333-88f8-4966-83ca-854f271153ac;CO-CUN;25;25335000;CUNDINAMARCA;GUAYABETAL
037a66e6-0704-4d78-983f-525e78d8fb35;CO-CUN;25;25339000;CUNDINAMARCA;GUTIÉRREZ
7a538713-fd47-4687-8704-b8bc43e3fc70;CO-CUN;25;25368000;CUNDINAMARCA;JERUSALÉN
85aab9f9-138b-4b0b-9e36-6a4948a9dacc;CO-CUN;25;25372000;CUNDINAMARCA;JUNÍN
ffd9bb76-3762-4162-8b36-57a3912488a1;CO-CUN;25;25377000;CUNDINAMARCA;LA CALERA
e5789d46-d19c-45b2-a041-d73961068a9b;CO-CUN;25;25386000;CUNDINAMARCA;LA MESA
2911edb5-a18c-4a4d-a176-48e9e15d99de;CO-CUN;25;25394000;CUNDINAMARCA;LA PALMA
0243d82d-1df0-47fd-ab5c-10429be9574c;CO-CUN;25;25398000;CUNDINAMARCA;LA PEÑA
e6edf21c-a964-41f1-b70c-bb0dbe451efc;CO-CUN;25;25402000;CUNDINAMARCA;LA VEGA
296d2fa2-aec9-4d4d-a35e-902b61e43fdf;CO-CUN;25;25407000;CUNDINAMARCA;LENGUAZAQUE
8ce096ea-88cc-442f-8a0e-9f3781dc35f2;CO-CUN;25;25426000;CUNDINAMARCA;MACHETÁ
390fbfa0-f4ce-453e-beba-ead994b8bcec;CO-CUN;25;25430000;CUNDINAMARCA;MADRID
5b7167a7-84cd-446a-9a20-8f251b9c5ab3;CO-CUN;25;25436000;CUNDINAMARCA;MANTA
6c45dc87-d440-430b-8555-1dd4a1247f12;CO-CUN;25;25438000;CUNDINAMARCA;MEDINA
c7d19e01-6113-4e62-b377-8252db021837;CO-CUN;25;25473000;CUNDINAMARCA;MOSQUERA
be770662-e6f8-429a-95ef-94908a3cff33;CO-CUN;25;25483000;CUNDINAMARCA;NARIÑO
8095f5b6-7245-484d-9d7c-4eba26be5241;CO-CUN;25;25486000;CUNDINAMARCA;NEMOCÓN
8f2f047b-df8e-4e46-8389-f268235606ae;CO-CUN;25;25488000;CUNDINAMARCA;NILO
1114b5dd-5886-4651-8d27-34a416a73675;CO-CUN;25;25489000;CUNDINAMARCA;NIMAIMA
3d32b9f7-b252-44f2-8bd4-f4eea52ba443;CO-CUN;25;25491000;CUNDINAMARCA;NOCAIMA
02ac7915-9205-40bf-a160-b2e6fb0cbf73;CO-CUN;25;25513000;CUNDINAMARCA;PACHO
64c5d5f8-9060-4f80-ae55-e9381602bf1d;CO-CUN;25;25518000;CUNDINAMARCA;PAIME
3cdcd9bf-865f-4635-b26d-61532d8ce7c2;CO-CUN;25;25524000;CUNDINAMARCA;PANDI
5522edc7-aa72-48f3-83ac-0841e23055dd;CO-CUN;25;25530000;CUNDINAMARCA;PARATEBUENO
33ac7378-f91c-4622-bb07-61a80d3e3855;CO-CUN;25;25535000;CUNDINAMARCA;PASCA
2bf35cd4-d33b-43e2-a9f2-8d0e35bc9a80;CO-CUN;25;25572000;CUNDINAMARCA;PUERTO SALGAR
f4a10876-088c-435a-ae14-2ca83f69ead9;CO-CUN;25;25580000;CUNDINAMARCA;PULÍ
7fed31c3-04c3-4b85-b795-b17e974986a6;CO-CUN;25;25592000;CUNDINAMARCA;QUEBRADANEGRA
5b224b19-e9f0-4183-b2bd-762cb3b7e1f2;CO-CUN;25;25594000;CUNDINAMARCA;QUETAME
fc54d59a-3658-4a10-a7a9-91832ef559c1;CO-CUN;25;25596000;CUNDINAMARCA;QUIPILE
00df308a-2f71-4838-b6b0-7f99d70f72f5;CO-CUN;25;25612000;CUNDINAMARCA;RICAURTE
9cf876db-afd4-4383-b7b2-a0246f6d3053;CO-CUN;25;25645000;CUNDINAMARCA;SAN ANTONIO DEL TEQUENDAMA
aad6f2b0-7ad4-4456-b774-107482521a5f;CO-CUN;25;25649000;CUNDINAMARCA;SAN BERNARDO
8afa5043-32a6-44b7-8fef-b175ce97403d;CO-CUN;25;25653000;CUNDINAMARCA;SAN CAYETANO
0a0f2535-a329-41d3-84d5-93373a96bf70;CO-CUN;25;25658000;CUNDINAMARCA;SAN FRANCISCO
e9a10a11-c45c-4580-b998-8f1c513dde52;CO-CUN;25;25662000;CUNDINAMARCA;SAN JUAN DE RIOSECO
ed5a1d68-71a7-4ef9-bf9f-7b07ae478b2f;CO-CUN;25;25718000;CUNDINAMARCA;SASAIMA
35cd787f-3cf2-4910-b66d-abb5b995c894;CO-CUN;25;25736000;CUNDINAMARCA;SESQUILÉ
4738db1c-6e7b-436b-975f-60b560f78ae3;CO-CUN;25;25740000;CUNDINAMARCA;SIBATÉ
4d088af3-45b2-4bc0-a35a-86eedf6487b8;CO-CUN;25;25743000;CUNDINAMARCA;SILVANIA
583ed09e-2144-4e42-bb87-e49bad0d1142;CO-CUN;25;25745000;CUNDINAMARCA;SIMIJACA
53e05a79-b053-444a-82ca-e3d9d5fb0f97;CO-CUN;25;25754000;CUNDINAMARCA;SOACHA
2bb6b7dc-d217-4d73-82c0-41bf18a4c962;CO-CUN;25;25758000;CUNDINAMARCA;SOPÓ
2ca7d025-2a37-4c02-93cd-fffeebd9f775;CO-CUN;25;25769000;CUNDINAMARCA;SUBACHOQUE
27f81a55-d921-4a40-9dd8-913c5bb5b4aa;CO-CUN;25;25772000;CUNDINAMARCA;SUESCA
1867613f-e99b-47b2-bd59-b48379b2ef62;CO-CUN;25;25777000;CUNDINAMARCA;SUPATÁ
10ca4a42-b623-4336-9d0f-5b2ae2c34f46;CO-CUN;25;25779000;CUNDINAMARCA;SUSA
0b8896dd-1b1b-4d1c-ab62-f08e8313cdaa;CO-CUN;25;25781000;CUNDINAMARCA;SUTATAUSA
fd9f4b68-3582-4418-aa9d-f18d18225579;CO-CUN;25;25785000;CUNDINAMARCA;TABIO
568022c6-c6be-4119-bf43-4f4e61a87daf;CO-CUN;25;25793000;CUNDINAMARCA;TAUSA
e1b51ac9-aa9a-4fad-8a37-484b2b469e50;CO-CUN;25;25797000;CUNDINAMARCA;TENA
45cf960c-be64-4037-8039-6bcc9f2d7704;CO-CUN;25;25799000;CUNDINAMARCA;TENJO
d4f45a4b-1e16-42ab-ad53-e28311f5a2ee;CO-CUN;25;25805000;CUNDINAMARCA;TIBACUY
6da35046-f698-4d1b-81ce-e8e216a6b3bc;CO-CUN;25;25807000;CUNDINAMARCA;TIBIRITA
dfecebfd-e297-4d0a-af8b-977e7af3b139;CO-CUN;25;25815000;CUNDINAMARCA;TOCAIMA
d67562fb-f262-4c88-9729-02e88494b3a2;CO-CUN;25;25817000;CUNDINAMARCA;TOCANCIPÁ
2e2f7c88-b0f7-4e34-b9cf-3b31639e5e89;CO-CUN;25;25823000;CUNDINAMARCA;TOPAIPÍ
7bb07fb7-956d-4fe2-8de9-575729e9d5b3;CO-CUN;25;25839000;CUNDINAMARCA;UBALÁ
36df26d0-1578-4e2e-86e7-b1c69ec7e61b;CO-CUN;25;25841000;CUNDINAMARCA;UBAQUE
e2c01a18-5f9d-4aa0-977a-f0699930263e;CO-CUN;25;25845000;CUNDINAMARCA;UNE
0962023f-d31a-483d-a666-514078ba93d9;CO-CUN;25;25851000;CUNDINAMARCA;ÚTICA
ffc34cfe-241f-40de-8574-2dbdffd3de4e;CO-CUN;25;25506000;CUNDINAMARCA;VENECIA
de0180ca-bfb3-491f-9a2a-1ddac614539a;CO-CUN;25;25862000;CUNDINAMARCA;VERGARA
9182083c-4e7b-4f23-9eeb-51f1ee55c5eb;CO-CUN;25;25867000;CUNDINAMARCA;VIANÍ
3cf2ad93-1dfa-4ff8-b75d-52c49e6a72ee;CO-CUN;25;25843000;CUNDINAMARCA;VILLA DE SAN DIEGO DE UBATÉ
9a988e34-e3b7-4981-b3af-73292c2ddcab;CO-CUN;25;25871000;CUNDINAMARCA;VILLAGÓMEZ
227871d0-9e22-46d8-880a-870f24602c2a;CO-CUN;25;25873000;CUNDINAMARCA;VILLAPINZÓN
6c4926da-451c-4ea2-9c04-10c8f94d806d;CO-CUN;25;25875000;CUNDINAMARCA;VILLETA
6ba17f9c-b081-419a-8ed7-5acfe12d3ea5;CO-CUN;25;25878000;CUNDINAMARCA;VIOTÁ
5c80d874-d109-4087-b5b1-7a2aae5b2de9;CO-CUN;25;25885000;CUNDINAMARCA;YACOPÍ
fcd23261-6555-4fd1-8402-4f4aaa5bd40c;CO-CUN;25;25898000;CUNDINAMARCA;ZIPACÓN
a5a7a2e6-6b7e-4c91-9967-a26d5f696e24;CO-CUN;25;25899000;CUNDINAMARCA;ZIPAQUIRÁ
919b383b-149a-4ac1-ad30-7d7e64352812;CO-GUA;94;94343000;GUAINÍA;BARRANCOMINAS
bdcbe88b-2e60-4c3b-945d-4f3147b61bf5;CO-GUA;94;94886000;GUAINÍA;CACAHUAL
afee68ff-7542-456f-a023-026159db6083;CO-GUA;94;94001000;GUAINÍA;INÍRIDA
c3eeb90e-4776-4414-a3e1-1a7d536a9847;CO-GUA;94;94885000;GUAINÍA;LA GUADALUPE
f08400f7-16a8-4f59-8c1c-95a9f08de49b;CO-GUA;94;94888000;GUAINÍA;MORICHAL
e5707685-cb71-4891-bad0-c795560c7bd5;CO-GUA;94;94887000;GUAINÍA;PANA PANA
cda26704-76a2-4593-a86b-b758d41e3d7e;CO-GUA;94;94884000;GUAINÍA;PUERTO COLOMBIA
ea518be2-6788-4081-9ff0-414e49c966b5;CO-GUA;94;94883000;GUAINÍA;SAN FELIPE
3071d4ae-fbb8-4f4a-ab61-76bb21f9a590;CO-GUV;95;95015000;GUAVIARE;CALAMAR
92276c75-1286-48c9-bec2-525942824b53;CO-GUV;95;95025000;GUAVIARE;EL RETORNO
ef6ba73a-3486-4ed0-a79d-7d6f46843cbb;CO-GUV;95;95200000;GUAVIARE;MIRAFLORES
7ca135aa-8d0b-4bb8-b9ad-31d002846911;CO-GUV;95;95001000;GUAVIARE;SAN JOSÉ DEL GUAVIARE
a4f38fc9-2897-4a6b-8a72-269fccccfb91;CO-HUI;41;41006000;HUILA;ACEVEDO
cceec535-8ec2-402e-a964-d8a37044f838;CO-HUI;41;41013000;HUILA;AGRADO
1a78fe94-b75d-4bcc-aacb-5e23c376fa34;CO-HUI;41;41016000;HUILA;AIPE
9986b311-2797-4bba-a8b1-3d7adfb86222;CO-HUI;41;41020000;HUILA;ALGECIRAS
011299a9-5f92-4358-ad59-61bb462a06fb;CO-HUI;41;41026000;HUILA;ALTAMIRA
11c17246-9e49-4eca-b5a3-6daa9569faa2;CO-HUI;41;41078000;HUILA;BARAYA
109ecd6b-b526-459a-a8fe-7561b6a46e48;CO-HUI;41;41132000;HUILA;CAMPOALEGRE
d0853a11-570e-4f82-ba34-6c70a376a99a;CO-HUI;41;41206000;HUILA;COLOMBIA
f24f0fb9-1a37-47ec-b92c-b03fe3d0b960;CO-HUI;41;41244000;HUILA;ELÍAS
59574347-3f34-441b-aba6-8064fa1b5a6e;CO-HUI;41;41298000;HUILA;GARZÓN
37e2dd76-cfef-4e10-a612-f12e187720f2;CO-HUI;41;41306000;HUILA;GIGANTE
ecbb6ea3-596a-4a65-953e-f2d0283685e9;CO-HUI;41;41319000;HUILA;GUADALUPE
047a8ee1-8d89-437d-aacc-84fa2a2ef4c7;CO-HUI;41;41349000;HUILA;HOBO
d657b4f9-3b0a-4409-b341-29442e356a29;CO-HUI;41;41357000;HUILA;ÍQUIRA
655434ee-df2d-4c00-a064-bfb8ca65e8f6;CO-HUI;41;41359000;HUILA;ISNOS
53208079-0f1f-4c2b-a868-dcf67d8030dd;CO-HUI;41;41378000;HUILA;LA ARGENTINA
78b0aa36-b445-460b-a39b-fb2188057f97;CO-HUI;41;41396000;HUILA;LA PLATA
ca2de47a-1d30-409b-8c9b-87f53899e4d5;CO-HUI;41;41483000;HUILA;NÁTAGA
ad06f0e3-ca8f-41e3-972b-12922be439b9;CO-HUI;41;41001000;HUILA;NEIVA
16d34206-4cc3-4fa7-a0be-ca5bdc48e4ab;CO-HUI;41;41503000;HUILA;OPORAPA
18c23f8e-8d14-4868-a4db-bb8f589e6dcc;CO-HUI;41;41518000;HUILA;PAICOL
f20c8061-e5d0-4305-8e0a-f67186c9bebe;CO-HUI;41;41524000;HUILA;PALERMO
283df3b0-522c-444b-9833-03fbc8e961d6;CO-HUI;41;41530000;HUILA;PALESTINA
21b35598-d464-4242-bc3d-a20173e59de2;CO-HUI;41;41548000;HUILA;PITAL
a55369bb-c4c0-4afd-acc3-42cccb03d2d9;CO-HUI;41;41551000;HUILA;PITALITO
0ff2f1d9-e148-408a-9689-59d8d99540ed;CO-HUI;41;41615000;HUILA;RIVERA
cc153895-78ba-4a3a-a6f3-4e5876bb022d;CO-HUI;41;41660000;HUILA;SALADOBLANCO
88988416-0f11-464e-a314-dd8432a4a43b;CO-HUI;41;41668000;HUILA;SAN AGUSTÍN
5036ad94-175d-4912-a91a-76520b0bad6e;CO-HUI;41;41676000;HUILA;SANTA MARÍA
6081aa39-e3e3-403e-ba6f-292abea1793d;CO-HUI;41;41770000;HUILA;SUAZA
78994cfe-95b5-417c-8b36-b8f900a639f2;CO-HUI;41;41791000;HUILA;TARQUI
f209a95f-b25c-4954-b5e7-998556af94e3;CO-HUI;41;41799000;HUILA;TELLO
6a6c19f1-1ad0-4ea2-b4fd-b566ba7b5a8d;CO-HUI;41;41801000;HUILA;TERUEL
5a7341b3-be9b-4812-b525-d4f9308d5040;CO-HUI;41;41797000;HUILA;TESALIA
6c5f8234-3258-48c9-8df9-2feb136f5bf5;CO-HUI;41;41807000;HUILA;TIMANÁ
d27c22c0-aeca-40da-914c-1474e5e2d094;CO-HUI;41;41872000;HUILA;VILLAVIEJA
d3cef6e8-8a84-416f-bb33-fd145dfcc06d;CO-HUI;41;41885000;HUILA;YAGUARÁ
deabb376-6271-4f6c-aaa1-19f3166e75b0;CO-LAG;44;44035000;LA GUAJIRA;ALBANIA
43ff5c39-fd6a-4612-b231-88945d52bc53;CO-LAG;44;44078000;LA GUAJIRA;BARRANCAS
2e8068d9-0606-4dbc-b0d1-0ffeb0b2f55b;CO-LAG;44;44090000;LA GUAJIRA;DIBULLA
5394c0b4-cc08-4bb9-99da-ab97981e0c6a;CO-LAG;44;44098000;LA GUAJIRA;DISTRACCIÓN
5ebd8151-fb20-4bb4-ac1e-45f9ef859c7e;CO-LAG;44;44110000;LA GUAJIRA;EL MOLINO
44082d47-6678-44aa-8252-439d71af41c2;CO-LAG;44;44279000;LA GUAJIRA;FONSECA
66701a7b-40e3-4faf-9703-adf7a7b83c3f;CO-LAG;44;44378000;LA GUAJIRA;HATONUEVO
fbca9ead-cfd7-409e-bf98-68d9d28408c1;CO-LAG;44;44420000;LA GUAJIRA;LA JAGUA DEL PILAR
4f19f845-c0bc-433b-96f8-2770144561ad;CO-LAG;44;44430000;LA GUAJIRA;MAICAO
062c4f13-3e8d-4c17-8fdf-f10cec680881;CO-LAG;44;44560000;LA GUAJIRA;MANAURE
1bd15955-a267-46f0-8fd3-d4752874f58f;CO-LAG;44;44001000;LA GUAJIRA;RIOHACHA
de464e12-abf0-4936-8e32-a91040260b49;CO-LAG;44;44650000;LA GUAJIRA;SAN JUAN DEL CESAR
94e4e1f8-10f2-4c79-861a-c185a4529b08;CO-LAG;44;44847000;LA GUAJIRA;URIBIA
6d56f09e-c1e0-4df4-9644-2ff71eeb8e22;CO-LAG;44;44855000;LA GUAJIRA;URUMITA
0bc09d33-ed30-461e-b17b-844ef52d1a40;CO-LAG;44;44874000;LA GUAJIRA;VILLANUEVA
a00ace70-adaf-44cf-96a7-94f25f4aa604;CO-MAG;47;47030000;MAGDALENA;ALGARROBO
e92aa6ac-6178-4eeb-abee-9995635a0bb1;CO-MAG;47;47053000;MAGDALENA;ARACATACA
611ca3a9-e38d-4703-97f9-6682b0aac83c;CO-MAG;47;47058000;MAGDALENA;ARIGUANÍ
6bf01778-3070-4574-a6a1-7d95deb1eaa7;CO-MAG;47;47161000;MAGDALENA;CERRO DE SAN ANTONIO
04f0639d-2ff0-4382-a965-c7a353d2ebd6;CO-MAG;47;47170000;MAGDALENA;CHIVOLO
2e9aab96-844a-4121-9918-a605a9939c54;CO-MAG;47;47189000;MAGDALENA;CIÉNAGA
aca039fd-361f-4d40-a890-9632760647e6;CO-MAG;47;47205000;MAGDALENA;CONCORDIA
32ce9c2a-3596-494f-aef3-c907fa6f2772;CO-MAG;47;47245000;MAGDALENA;EL BANCO
f8967421-548d-467f-af96-a98fcfc97788;CO-MAG;47;47258000;MAGDALENA;EL PIÑÓN
01f3c056-7126-4ddf-9a09-ede72607c282;CO-MAG;47;47268000;MAGDALENA;EL RETÉN
311d3260-dbb5-4dbc-8d9a-01367cb31e3a;CO-MAG;47;47288000;MAGDALENA;FUNDACIÓN
66af0f4c-df13-4d85-9a85-b7cec1823049;CO-MAG;47;47318000;MAGDALENA;GUAMAL
99c2816f-25b8-48b2-bed4-ad90561254bb;CO-MAG;47;47460000;MAGDALENA;NUEVA GRANADA
d3d45fbe-768a-46ef-930c-b9c9a1dea96d;CO-MAG;47;47541000;MAGDALENA;PEDRAZA
afa10f96-ef42-49b1-a0f5-e867643aa72e;CO-MAG;47;47545000;MAGDALENA;PIJIÑO DEL CARMEN
8104ed5c-34fd-4da5-8941-7e4c40957fd8;CO-MAG;47;47551000;MAGDALENA;PIVIJAY
3c231f5a-b80e-46b9-ba2b-eac9e2b8618f;CO-MAG;47;47555000;MAGDALENA;PLATO
0cab062f-9b7d-41d0-8553-edb8d31fd586;CO-MAG;47;47570000;MAGDALENA;PUEBLOVIEJO
4ca242f8-35e9-4ce0-94c8-ed72c4e99d42;CO-MAG;47;47605000;MAGDALENA;REMOLINO
4d2faa98-5df7-4252-b591-b6556aa44bfc;CO-MAG;47;47660000;MAGDALENA;SABANAS DE SAN ÁNGEL
9629d16a-fed3-4697-a0c0-0da899542e03;CO-MAG;47;47675000;MAGDALENA;SALAMINA
c20d632a-4631-46f7-948f-85e457085e9b;CO-MAG;47;47692000;MAGDALENA;SAN SEBASTIÁN DE BUENAVISTA
4dd9a529-4f97-4462-ac90-1b169a87b368;CO-MAG;47;47707000;MAGDALENA;SANTA ANA
45fbd691-7ea3-47e0-b0f9-fa62be57d83b;CO-MAG;47;47720000;MAGDALENA;SANTA BÁRBARA DE PINTO
861858a5-d34e-48c9-8de0-63a5eb6e4751;CO-MAG;47;47001000;MAGDALENA;SANTA MARTA
b82abb71-0442-494e-a2c6-ff3d4afb8edd;CO-MAG;47;47703000;MAGDALENA;SAN ZENÓN
11a1f8b4-89d5-4413-8b60-b370eb2b73c9;CO-MAG;47;47745000;MAGDALENA;SITIONUEVO
5145f593-ae4d-4eb0-bdc4-f958677df0a8;CO-MAG;47;47798000;MAGDALENA;TENERIFE
59efbd6b-f4bb-4ce3-a3c4-c8ce40d8c359;CO-MAG;47;47960000;MAGDALENA;ZAPAYÁN
2630856b-cd85-477b-87ff-6b7157d39d8c;CO-MAG;47;47980000;MAGDALENA;ZONA BANANERA
1fde7810-a731-4f92-af89-f3941050d30d;CO-MET;50;50006000;META;ACACÍAS
0e3d5c7c-da05-464b-8da7-e4e15968f9aa;CO-MET;50;50110000;META;BARRANCA DE UPÍA
857bf78b-4437-4420-9781-6a0192d9f5cd;CO-MET;50;50124000;META;CABUYARO
b161d957-d0e7-4c21-b304-811a320c3cba;CO-MET;50;50150000;META;CASTILLA LA NUEVA
43663fac-7aea-471e-85b0-e391c183327a;CO-MET;50;50223000;META;CUBARRAL
0e397163-6e61-47e3-8bce-7da2cb961ae1;CO-MET;50;50226000;META;CUMARAL
19c4a4b6-152f-4d5d-bdae-faab10888a9b;CO-MET;50;50245000;META;EL CALVARIO
e703b6cb-dc43-48b2-82c3-d03c96ef0404;CO-MET;50;50251000;META;EL CASTILLO
4aa5be19-0ac5-406b-8857-c78630dee759;CO-MET;50;50270000;META;EL DORADO
8c916d48-d9e0-43f6-b368-5a90f61d899b;CO-MET;50;50287000;META;FUENTE DE ORO
511b22cc-f8b2-493f-8844-32f5d10325cf;CO-MET;50;50313000;META;GRANADA
5222e967-0aaf-4dff-ae6c-5017703c6fc5;CO-MET;50;50318000;META;GUAMAL
cc40f1f6-16e7-4bab-8431-5c61f893a848;CO-MET;50;50350000;META;LA MACARENA
d22bfad5-7039-49d2-bd60-2ec6f5063815;CO-MET;50;50400000;META;LEJANÍAS
85e7d82d-c158-4ad9-a2fd-b41308b1f568;CO-MET;50;50325000;META;MAPIRIPÁN
5f499794-cea0-4dc7-8f73-5c3dc9f6ce6a;CO-MET;50;50330000;META;MESETAS
67c62857-61d1-4fad-862b-df1614b78eb0;CO-MET;50;50450000;META;PUERTO CONCORDIA
fc149732-3691-422c-83da-1104d0a2e4b4;CO-MET;50;50568000;META;PUERTO GAITÁN
d5c3d699-96f5-4719-959c-da19e9291b1f;CO-MET;50;50577000;META;PUERTO LLERAS
f2e22461-df79-4df9-a0ef-6ab5ca817280;CO-MET;50;50573000;META;PUERTO LÓPEZ
1578314e-5a7d-4300-9714-98495e2ae09f;CO-MET;50;50590000;META;PUERTO RICO
2acd9605-b8cf-4516-99d6-298d3c83d713;CO-MET;50;50606000;META;RESTREPO
503d9470-d573-4735-b0c2-8d1f03fe6e29;CO-MET;50;50680000;META;SAN CARLOS DE GUAROA
d572be57-f0d8-44d2-b099-c0d79f4b3a68;CO-MET;50;50683000;META;SAN JUAN DE ARAMA
9be74ff2-a7f4-4622-a497-b255853fb81d;CO-MET;50;50686000;META;SAN JUANITO
95552f65-43dd-4f1d-8dd4-07328d8bd0a5;CO-MET;50;50689000;META;SAN MARTÍN
8ccc8cf9-b7fd-4143-803b-352f63308af5;CO-MET;50;50370000;META;URIBE
4c8eefa7-18f3-4920-ba45-081366b5c179;CO-MET;50;50001000;META;VILLAVICENCIO
e4a2ca94-fe6c-465e-9b6e-4af1f9f4b236;CO-MET;50;50711000;META;VISTAHERMOSA
9b505ba4-da63-44eb-9dff-6036a7630a97;CO-NAR;52;52019000;NARIÑO;ALBÁN
4e399ba1-861f-4602-b460-d5b13b2b088b;CO-NAR;52;52022000;NARIÑO;ALDANA
b93b967a-908d-4063-a7f2-19042ecd9c31;CO-NAR;52;52036000;NARIÑO;ANCUYA
df22484c-eeb2-44f3-b058-5911baf6cd0c;CO-NAR;52;52051000;NARIÑO;ARBOLEDA
bee56174-7cd4-4899-a47f-50027d9f1966;CO-NAR;52;52079000;NARIÑO;BARBACOAS
aa4cb6c3-2a63-428b-a704-0786f1a8b597;CO-NAR;52;52083000;NARIÑO;BELÉN
b53e0ff4-9a59-4072-a93e-52341fe8468f;CO-NAR;52;52110000;NARIÑO;BUESACO
9c5709e9-7c0b-48fe-aa75-048a75be1d5a;CO-NAR;52;52240000;NARIÑO;CHACHAGÜÍ
90e0fd71-91e2-4c66-b2cd-fcd37e04e01e;CO-NAR;52;52203000;NARIÑO;COLÓN
a568ae1f-98c7-4e6f-bb26-d32b7021104a;CO-NAR;52;52207000;NARIÑO;CONSACÁ
7bac1acc-2baf-4c1c-8649-cc3ab323dc56;CO-NAR;52;52210000;NARIÑO;CONTADERO
27ed4c6b-4709-4bc8-84e1-4e6d1d0aa693;CO-NAR;52;52215000;NARIÑO;CÓRDOBA
69f233b0-52a6-40bc-960f-d1b12315de9d;CO-NAR;52;52224000;NARIÑO;CUASPUD CARLOSAMA
0c6ed1de-0d59-42f4-abad-7aea7755a56d;CO-NAR;52;52227000;NARIÑO;CUMBAL
e59ed7ae-dd56-4017-aba1-d445c395c15f;CO-NAR;52;52233000;NARIÑO;CUMBITARA
3ee785f6-be28-4d50-b5c5-2b53da6274be;CO-NAR;52;52250000;NARIÑO;EL CHARCO
62a182e2-01ba-497d-96d8-6cd77c907e9b;CO-NAR;52;52254000;NARIÑO;EL PEÑOL
d6f9a196-976d-436f-84f5-784274b2acf2;CO-NAR;52;52256000;NARIÑO;EL ROSARIO
0590818b-b2fe-471c-9552-f794df4a5a34;CO-NAR;52;52258000;NARIÑO;EL TABLÓN DE GÓMEZ
43db6443-54bc-4f0d-8700-0d8394e88d0a;CO-NAR;52;52260000;NARIÑO;EL TAMBO
c21cf699-f759-4f4e-a268-a20a23d86761;CO-NAR;52;52520000;NARIÑO;FRANCISCO PIZARRO
14485998-b7e1-4703-a3c9-1e26531133ac;CO-NAR;52;52287000;NARIÑO;FUNES
1b089318-8a88-4d62-af8e-1a024033eea6;CO-NAR;52;52317000;NARIÑO;GUACHUCAL
8c1b5c70-81e8-4f7a-9fa0-6b4362ab8568;CO-NAR;52;52320000;NARIÑO;GUAITARILLA
c4519b58-264e-47e7-9457-1f944e16bf37;CO-NAR;52;52323000;NARIÑO;GUALMATÁN
7320f415-281d-4f20-a0a7-fb90eba49f30;CO-NAR;52;52352000;NARIÑO;ILES
92d69424-7333-4585-a09a-59fca67b02e3;CO-NAR;52;52354000;NARIÑO;IMUÉS
3bcbf18c-ab22-4ac5-b975-1f0825b7332d;CO-NAR;52;52356000;NARIÑO;IPIALES
1e503dab-e1b0-4924-a3db-986be7d29aa0;CO-NAR;52;52378000;NARIÑO;LA CRUZ
5c0a425e-7eac-4de6-abab-30bea1c67504;CO-NAR;52;52381000;NARIÑO;LA FLORIDA
48845bbc-4d0e-441f-b357-e4ed970ef052;CO-NAR;52;52385000;NARIÑO;LA LLANADA
683814a9-19c9-4bb2-8abe-d27daffdd765;CO-NAR;52;52390000;NARIÑO;LA TOLA
bc33fd78-7142-4e40-a72a-5288d33f7461;CO-NAR;52;52399000;NARIÑO;LA UNIÓN
29a5a93a-8b34-41d5-ab7e-423ef81b5759;CO-NAR;52;52405000;NARIÑO;LEIVA
cb385a2e-5adb-44ab-a28b-cc53ab5958a4;CO-NAR;52;52411000;NARIÑO;LINARES
221f924a-876e-4a1d-959b-f461ef6c1ffb;CO-NAR;52;52418000;NARIÑO;LOS ANDES
8f2e079e-0e6b-42e3-bb22-d6b3dc997243;CO-NAR;52;52427000;NARIÑO;MAGÜÍ
dd38a6d6-e785-4838-b59d-e095dbc48789;CO-NAR;52;52435000;NARIÑO;MALLAMA
3430ed47-c2d9-4f75-8006-c5a785fc3357;CO-NAR;52;52473000;NARIÑO;MOSQUERA
e4867c11-6c50-4dc0-ad1b-b8b276871313;CO-NAR;52;52480000;NARIÑO;NARIÑO
ad2bce8a-d915-4a77-b177-b06c529b3cd1;CO-NAR;52;52490000;NARIÑO;OLAYA HERRERA
32fdd21e-9723-4b61-a75f-df0dece66772;CO-NAR;52;52506000;NARIÑO;OSPINA
ec5ebbe7-e4fb-40b0-a4b9-2c7870fc37cf;CO-NAR;52;52001000;NARIÑO;PASTO
573fc924-fee5-4a81-a384-41a17bd492b2;CO-NAR;52;52540000;NARIÑO;POLICARPA
137c1af5-7cc0-4f0b-b835-2edfd2fb4ce0;CO-NAR;52;52560000;NARIÑO;POTOSÍ
b78d0983-4c46-4f77-8db6-a4e7c0e51be4;CO-NAR;52;52565000;NARIÑO;PROVIDENCIA
422d0601-3e12-4843-9da6-7282b111897c;CO-NAR;52;52573000;NARIÑO;PUERRES
34cd3f2e-7834-496d-8aab-4c77ca33ef52;CO-NAR;52;52585000;NARIÑO;PUPIALES
8a758009-1b37-41de-8803-9fadb346f5c0;CO-NAR;52;52612000;NARIÑO;RICAURTE
7062f44f-ac72-4089-94c3-e2b81fd8b119;CO-NAR;52;52621000;NARIÑO;ROBERTO PAYÁN
a295346c-09bd-4a3e-b7a7-5fd1b452c41b;CO-NAR;52;52678000;NARIÑO;SAMANIEGO
cbd38a61-0472-48de-b716-9f0b1d40fc8e;CO-NAR;52;52835000;NARIÑO;SAN ANDRÉS DE TUMACO
5ef8245c-b5c4-4115-9af8-b9f95d76f684;CO-NAR;52;52685000;NARIÑO;SAN BERNARDO
acc25bee-5b7a-41ac-af7d-67664f007b28;CO-NAR;52;52683000;NARIÑO;SANDONÁ
7986d387-dbf3-4264-9af5-8f426c56ecf4;CO-NAR;52;52687000;NARIÑO;SAN LORENZO
c0688708-f547-496c-b22e-f2a6d3c39ab6;CO-NAR;52;52693000;NARIÑO;SAN PABLO
92bf314c-aba2-497a-9d4c-f8f725a4548c;CO-NAR;52;52694000;NARIÑO;SAN PEDRO DE CARTAGO
dfdc76ec-9ee7-4d45-867c-63ef8389386c;CO-NAR;52;52696000;NARIÑO;SANTA BÁRBARA
c5bdcc27-1e5c-41c1-9a2b-5a8bb8ec978b;CO-NAR;52;52699000;NARIÑO;SANTACRUZ
aab510cf-53e0-4781-b6a9-83fc26a934e8;CO-NAR;52;52720000;NARIÑO;SAPUYES
2f392357-ee80-4835-a674-bd41e576161f;CO-NAR;52;52786000;NARIÑO;TAMINANGO
fb46d7d4-e2cd-4bd9-896c-1e871c8ecee2;CO-NAR;52;52788000;NARIÑO;TANGUA
c10064ca-9da1-4d04-9e9b-19e0226c4e3c;CO-NAR;52;52838000;NARIÑO;TÚQUERRES
256aebf4-aeb8-4d5a-bc17-5de6f3f66da0;CO-NAR;52;52885000;NARIÑO;YACUANQUER
b03cd4a1-9dc5-45c6-8af3-be0bed7a0622;CO-NSA;54;54003000;NORTE DE SANTANDER;ÁBREGO
5d975d8b-c4c7-4081-b086-9a4fc0c3f788;CO-NSA;54;54051000;NORTE DE SANTANDER;ARBOLEDAS
3225a1d9-f2a2-4168-9fcd-f2b3b2a81a3e;CO-NSA;54;54099000;NORTE DE SANTANDER;BOCHALEMA
db612228-f8c1-43db-a4be-37d01ad1bba2;CO-NSA;54;54109000;NORTE DE SANTANDER;BUCARASICA
d9309fa2-b569-4c6a-a91c-766f7dc3b01e;CO-NSA;54;54128000;NORTE DE SANTANDER;CÁCHIRA
243ca767-3359-41ab-b6af-03732eb278d1;CO-NSA;54;54125000;NORTE DE SANTANDER;CÁCOTA
9b12f1c9-16b2-40a7-840e-6853eb506b61;CO-NSA;54;54172000;NORTE DE SANTANDER;CHINÁCOTA
de74fae6-9f99-4910-bd52-4da2fc6126f3;CO-NSA;54;54174000;NORTE DE SANTANDER;CHITAGÁ
711a5ab5-b329-42a3-87f8-8b39204b306c;CO-NSA;54;54206000;NORTE DE SANTANDER;CONVENCIÓN
4f30bbca-29dd-4d30-beab-9d119d41d62a;CO-NSA;54;54223000;NORTE DE SANTANDER;CUCUTILLA
765b1629-ca43-4a86-b042-2c7f8632e45d;CO-NSA;54;54239000;NORTE DE SANTANDER;DURANIA
11ba6916-5a71-4c70-a2be-cec2c11ff7b8;CO-NSA;54;54245000;NORTE DE SANTANDER;EL CARMEN
659b3390-18b5-4ffb-8fdf-b0511e09d854;CO-NSA;54;54250000;NORTE DE SANTANDER;EL TARRA
d1595b00-43da-409c-b7f2-860b4102e7ec;CO-NSA;54;54261000;NORTE DE SANTANDER;EL ZULIA
11631115-c749-4241-a658-e01713534fc3;CO-NSA;54;54313000;NORTE DE SANTANDER;GRAMALOTE
e1bcf332-df8e-445e-a057-22b703bd39fd;CO-NSA;54;54344000;NORTE DE SANTANDER;HACARÍ
0182f76c-0ccc-4d32-8b97-b5b70855c83e;CO-NSA;54;54347000;NORTE DE SANTANDER;HERRÁN
4aa829dd-ad0a-49fa-a39f-f92d254d1e12;CO-NSA;54;54377000;NORTE DE SANTANDER;LABATECA
6c2c45be-0bee-4be7-b60e-b5dd7fddb58c;CO-NSA;54;54385000;NORTE DE SANTANDER;LA ESPERANZA
850c09e2-74f8-4341-80bb-c3d2605458c6;CO-NSA;54;54398000;NORTE DE SANTANDER;LA PLAYA
d077522d-5032-4005-8b3a-e42e932ef2e4;CO-NSA;54;54405000;NORTE DE SANTANDER;LOS PATIOS
b91eec36-8f4b-4ddd-bfdb-54fafb143a6e;CO-NSA;54;54418000;NORTE DE SANTANDER;LOURDES
01fddc4b-09fd-4bc7-a6b7-eb9f2613e9c1;CO-NSA;54;54480000;NORTE DE SANTANDER;MUTISCUA
da80ac54-6351-490c-8c44-74da5a76b772;CO-NSA;54;54498000;NORTE DE SANTANDER;OCAÑA
2c323b23-d3ed-43f6-8f2e-c1d1a5a62706;CO-NSA;54;54518000;NORTE DE SANTANDER;PAMPLONA
299095b4-dd78-403e-9dd5-0b899f77e230;CO-NSA;54;54520000;NORTE DE SANTANDER;PAMPLONITA
3b3ef64f-c2e3-4cd9-acc2-7bb719474dad;CO-NSA;54;54553000;NORTE DE SANTANDER;PUERTO SANTANDER
3e2559b4-1f58-428b-9d90-1a880571dfa7;CO-NSA;54;54599000;NORTE DE SANTANDER;RAGONVALIA
468ad7b7-0035-4504-b3c0-1bb3fc1a666c;CO-NSA;54;54660000;NORTE DE SANTANDER;SALAZAR
37547475-f5d4-4aa0-af60-b8966ad3d10c;CO-NSA;54;54670000;NORTE DE SANTANDER;SAN CALIXTO
7eae2a10-9be1-4d26-800e-a48f6f16edd2;CO-NSA;54;54673000;NORTE DE SANTANDER;SAN CAYETANO
441f6dcf-7978-4806-b621-752146d9cdf9;CO-NSA;54;54001000;NORTE DE SANTANDER;SAN JOSÉ DE CÚCUTA
c4b2a296-2458-4627-ba09-89d8030bbf11;CO-NSA;54;54680000;NORTE DE SANTANDER;SANTIAGO
c62345b9-6001-4252-865f-62c658122e8e;CO-NSA;54;54720000;NORTE DE SANTANDER;SARDINATA
44a70b69-4f1f-4275-990f-167425e893e3;CO-NSA;54;54743000;NORTE DE SANTANDER;SILOS
bb323544-41a5-47c4-a1cd-48d7a70934ca;CO-NSA;54;54800000;NORTE DE SANTANDER;TEORAMA
e2787fac-f1e1-4973-8664-5ced9fe352e8;CO-NSA;54;54810000;NORTE DE SANTANDER;TIBÚ
d7a92eed-cdf9-4a9b-9460-d326fcef027d;CO-NSA;54;54820000;NORTE DE SANTANDER;TOLEDO
92afd2e9-6045-4393-a1df-8fafbc1f6116;CO-NSA;54;54871000;NORTE DE SANTANDER;VILLA CARO
92107039-4993-44a3-8b6b-755d4adeabe9;CO-NSA;54;54874000;NORTE DE SANTANDER;VILLA DEL ROSARIO
34cbf946-5c57-483a-842b-f10d2b0d53d0;CO-PUT;86;86219000;PUTUMAYO;COLÓN
54d76ccc-9f1e-434c-802e-5bb0639258e3;CO-PUT;86;86001000;PUTUMAYO;MOCOA
ad144027-b03b-42b8-b1ea-d922e03da7fd;CO-PUT;86;86320000;PUTUMAYO;ORITO
a7427ef2-1279-4f25-8825-f2e703d656ed;CO-PUT;86;86568000;PUTUMAYO;PUERTO ASÍS
86fa9fd7-43d4-40f6-9e83-f3d9984271d8;CO-PUT;86;86569000;PUTUMAYO;PUERTO CAICEDO
d6f6aed4-628b-4ae4-9164-4b22a57560a5;CO-PUT;86;86571000;PUTUMAYO;PUERTO GUZMÁN
3e67274a-82e0-426d-ae3f-554b68007bfd;CO-PUT;86;86573000;PUTUMAYO;PUERTO LEGUÍZAMO
48be386d-87fb-46a6-9de6-7424063bd3e3;CO-PUT;86;86755000;PUTUMAYO;SAN FRANCISCO
08613338-e0e7-4ef8-9779-1153f349b91d;CO-PUT;86;86757000;PUTUMAYO;SAN MIGUEL
8a48bff9-9366-485e-ad7f-7fc1f85f57b8;CO-PUT;86;86760000;PUTUMAYO;SANTIAGO
2672e9e0-6065-4514-96ee-b930c79df4ec;CO-PUT;86;86749000;PUTUMAYO;SIBUNDOY
a70c4d4e-76f7-4636-97e9-7132a395ee24;CO-PUT;86;86865000;PUTUMAYO;VALLE DEL GUAMUEZ
bc65fe23-1596-47d5-b236-8f5ba3ac0b6f;CO-PUT;86;86885000;PUTUMAYO;VILLAGARZÓN
bf129914-01f3-4b67-b472-c45f0211f1b5;CO-QUI;63;63001000;QUINDÍO;ARMENIA
6b7fee34-3b44-4e9f-a411-6d46ac2c8978;CO-QUI;63;63111000;QUINDÍO;BUENAVISTA
bd5cf7e8-3a32-4230-8e7e-35a0ab87aa43;CO-QUI;63;63130000;QUINDÍO;CALARCÁ
651e347a-8cc2-4fb2-8347-0fd1912c1f6c;CO-QUI;63;63190000;QUINDÍO;CIRCASIA
c67b2001-8f3a-4a74-b5bb-ca33ee7114e9;CO-QUI;63;63212000;QUINDÍO;CÓRDOBA
0c9512a0-c4a4-444e-b77b-cd68a9393175;CO-QUI;63;63272000;QUINDÍO;FILANDIA
b00fbd38-2ba3-4990-9bb0-e886714416b5;CO-QUI;63;63302000;QUINDÍO;GÉNOVA
8ade4266-8a7e-4504-9cdd-c4d90d221e29;CO-QUI;63;63401000;QUINDÍO;LA TEBAIDA
594160ff-cc66-4ae5-9902-1937fecc91fb;CO-QUI;63;63470000;QUINDÍO;MONTENEGRO
a00e0692-07f7-451d-b0ee-10f510bd54dd;CO-QUI;63;63548000;QUINDÍO;PIJAO
102913b6-595c-42f6-9aba-14a407372a17;CO-QUI;63;63594000;QUINDÍO;QUIMBAYA
479de103-7852-466c-807a-8899be93e859;CO-QUI;63;63690000;QUINDÍO;SALENTO
89f2fb51-0149-47d0-959c-96c8dada4407;CO-RIS;66;66045000;RISARALDA;APÍA
f9c8bb3b-0049-4e79-a721-f424569c9878;CO-RIS;66;66075000;RISARALDA;BALBOA
e38715cd-f258-490f-ba00-30d488a58506;CO-RIS;66;66088000;RISARALDA;BELÉN DE UMBRÍA
3d2506fb-2065-4867-86f8-355972c5bfa3;CO-RIS;66;66170000;RISARALDA;DOSQUEBRADAS
c0b141c4-5f89-4f29-ab15-98b37881f443;CO-RIS;66;66318000;RISARALDA;GUÁTICA
25925310-5759-46e2-8cf2-334f63261a61;CO-RIS;66;66383000;RISARALDA;LA CELIA
7f9f28b2-630b-4148-bef9-5abc895cc9de;CO-RIS;66;66400000;RISARALDA;LA VIRGINIA
d9e597f7-8dbb-4cc5-9274-4dbf17c7571c;CO-RIS;66;66440000;RISARALDA;MARSELLA
9ec1239f-b16c-48bb-a6d7-ab796d438d37;CO-RIS;66;66456000;RISARALDA;MISTRATÓ
75eaca1c-73ff-4456-b250-d089529ff683;CO-RIS;66;66001000;RISARALDA;PEREIRA
9ceb83ff-e3a0-415c-8f63-54f9fc45d4a1;CO-RIS;66;66572000;RISARALDA;PUEBLO RICO
1a50202f-465d-4561-93c1-e883a1b42c2d;CO-RIS;66;66594000;RISARALDA;QUINCHÍA
f7fa5a1e-4451-4bdf-81f3-0cbe2eb0f5fa;CO-RIS;66;66682000;RISARALDA;SANTA ROSA DE CABAL
65c1435b-69c2-402a-825d-29d473e6a7cb;CO-RIS;66;66687000;RISARALDA;SANTUARIO
1a0174c7-cefe-46aa-8f46-a7a1424827f7;CO-SAN;68;68013000;SANTANDER;AGUADA
2f435c6a-583a-4367-bbb3-8205f2c5ff60;CO-SAN;68;68020000;SANTANDER;ALBANIA
008f51b7-258f-41c6-be77-81a0f774c4f2;CO-SAN;68;68051000;SANTANDER;ARATOCA
0fa79d34-cff5-4e58-b867-1aa4bb5753ed;CO-SAN;68;68077000;SANTANDER;BARBOSA
3d96f0ec-9d1f-43e2-a169-4fa6b9c8dab7;CO-SAN;68;68079000;SANTANDER;BARICHARA
d8cea647-9baa-45e8-b154-7d771ae5ae09;CO-SAN;68;68081000;SANTANDER;BARRANCABERMEJA
ced11267-398d-478f-8c5e-aee8b611f695;CO-SAN;68;68092000;SANTANDER;BETULIA
b37d874c-5684-4da6-8f13-d410dac73da1;CO-SAN;68;68101000;SANTANDER;BOLÍVAR
f5582d9b-795e-4d4c-b0af-027f2688c4e9;CO-SAN;68;68001000;SANTANDER;BUCARAMANGA
745179e1-21f5-4c7f-b23b-8e8ca2e6624b;CO-SAN;68;68121000;SANTANDER;CABRERA
72884e1c-6d41-446a-9a76-c1be974da0bb;CO-SAN;68;68132000;SANTANDER;CALIFORNIA
24a73ea9-04c2-427f-97a1-9371e44d3d67;CO-SAN;68;68147000;SANTANDER;CAPITANEJO
ea4d54bf-a942-4f14-b489-b069caf63c68;CO-SAN;68;68152000;SANTANDER;CARCASÍ
99a6196a-d99b-406a-a58a-9eeaca9dc87e;CO-SAN;68;68160000;SANTANDER;CEPITÁ
00f60b95-db79-48f2-a622-e5f3738ef9c9;CO-SAN;68;68162000;SANTANDER;CERRITO
7eaeca5e-e97d-4a59-8e9c-7eba20caec42;CO-SAN;68;68167000;SANTANDER;CHARALÁ
7a00bb20-4dd4-464c-8547-13f27d93ed73;CO-SAN;68;68169000;SANTANDER;CHARTA
5a6f1154-6fc2-4729-99f3-47c2f242cff9;CO-SAN;68;68176000;SANTANDER;CHIMA
9c39ccb8-8a36-41ee-af7f-6ce7cd38175f;CO-SAN;68;68179000;SANTANDER;CHIPATÁ
327931a8-aa26-48d6-ae55-d63f82507dc0;CO-SAN;68;68190000;SANTANDER;CIMITARRA
5a5d5a61-9111-4f2a-bd85-12337dbd1c88;CO-SAN;68;68207000;SANTANDER;CONCEPCIÓN
6332948c-10c4-4e11-863a-05244305768a;CO-SAN;68;68209000;SANTANDER;CONFINES
64b99c5f-750f-4195-a821-1b4e473a7cbc;CO-SAN;68;68211000;SANTANDER;CONTRATACIÓN
eabecd14-870a-4eaa-9bf8-90766433d555;CO-SAN;68;68217000;SANTANDER;COROMORO
c3965dc8-c9d7-47c1-807c-514376966574;CO-SAN;68;68229000;SANTANDER;CURITÍ
9418d1bb-cd7c-49f4-becc-d5c3be1de422;CO-SAN;68;68235000;SANTANDER;EL CARMEN DE CHUCURI
0ad11184-b4e4-422b-bc8c-6f40d8e7e7a9;CO-SAN;68;68245000;SANTANDER;EL GUACAMAYO
f22b1dce-7cec-4573-b5ac-ccb5971bba26;CO-SAN;68;68250000;SANTANDER;EL PEÑÓN
c9399038-f9ec-4f05-848c-2d949bfecbb6;CO-SAN;68;68255000;SANTANDER;EL PLAYÓN
bf66aa31-8622-44b2-b226-1fe72272128c;CO-SAN;68;68264000;SANTANDER;ENCINO
df1a7638-ebaf-4231-967a-98b3428c3e80;CO-SAN;68;68266000;SANTANDER;ENCISO
b0c48464-03ad-429c-a33f-848573582ca4;CO-SAN;68;68271000;SANTANDER;FLORIÁN
b2dac57a-ddfd-44ba-81f6-76d14e49917d;CO-SAN;68;68276000;SANTANDER;FLORIDABLANCA
a61f0532-af57-4486-a0ab-029ad00e1dcb;CO-SAN;68;68296000;SANTANDER;GALÁN
36384b4d-887a-401a-baf9-9dde0a03fb29;CO-SAN;68;68298000;SANTANDER;GÁMBITA
417a73fd-40a5-451c-9810-8ea54088c3ff;CO-SAN;68;68307000;SANTANDER;GIRÓN
370e733b-d504-4a17-86d7-ecce5ad74c62;CO-SAN;68;68318000;SANTANDER;GUACA
a06f697f-80c1-4a35-b5a7-d3fcb3f574b5;CO-SAN;68;68320000;SANTANDER;GUADALUPE
98e3397b-d443-4ed9-8b6b-3f8c6c7e4d82;CO-SAN;68;68322000;SANTANDER;GUAPOTÁ
1a885007-7ab2-4d02-8d90-dbd1e89ea649;CO-SAN;68;68324000;SANTANDER;GUAVATÁ
f0fa8085-ccee-4370-8785-861ae4f520e4;CO-SAN;68;68327000;SANTANDER;GÜEPSA
888d2522-7d3b-4963-ad6b-a5a099f02098;CO-SAN;68;68344000;SANTANDER;HATO
aada74b9-feba-4401-9e8f-b7b3c52cab2c;CO-SAN;68;68368000;SANTANDER;JESÚS MARÍA
a75f97ec-5a94-42f5-9ae1-fb53e1c3437b;CO-SAN;68;68370000;SANTANDER;JORDÁN
808bb8e1-c28c-472a-a734-d44f51546167;CO-SAN;68;68377000;SANTANDER;LA BELLEZA
dc63629e-781f-43d8-a5d4-6b6e57909601;CO-SAN;68;68385000;SANTANDER;LANDÁZURI
b34ff9c3-7bae-43e4-bff1-6f056b861502;CO-SAN;68;68397000;SANTANDER;LA PAZ
5987fc52-11de-4306-8c93-8e362f6ece62;CO-SAN;68;68406000;SANTANDER;LEBRIJA
8569ec49-a137-47b7-ade6-ebe910b3f40d;CO-SAN;68;68418000;SANTANDER;LOS SANTOS
235d7f93-598f-475f-82e6-dac2d370dd59;CO-SAN;68;68425000;SANTANDER;MACARAVITA
dd25d40d-4572-4097-bb3f-28509762874c;CO-SAN;68;68432000;SANTANDER;MÁLAGA
ce138282-6c6f-43d3-9715-26d952b3b425;CO-SAN;68;68444000;SANTANDER;MATANZA
e4b9654a-6269-4a63-8b55-017ba97a0d97;CO-SAN;68;68464000;SANTANDER;MOGOTES
6ed2f657-7f13-4d23-a695-4576a211da2f;CO-SAN;68;68468000;SANTANDER;MOLAGAVITA
7ff07095-1aac-4b22-a59f-229bd3f44d38;CO-SAN;68;68498000;SANTANDER;OCAMONTE
85413b85-fb0e-4215-9fc7-eb5546c5ded6;CO-SAN;68;68500000;SANTANDER;OIBA
b8b8a063-91c0-4e2a-a5f1-7dc68047ebbf;CO-SAN;68;68502000;SANTANDER;ONZAGA
6560a2c3-f9d7-4182-978d-4279b8a69568;CO-SAN;68;68522000;SANTANDER;PALMAR
4d98e1d5-3dda-4964-9aaa-f82a8ba9dd1a;CO-SAN;68;68524000;SANTANDER;PALMAS DEL SOCORRO
35c59378-bb9f-49ea-9ab4-8cbdf580344d;CO-SAN;68;68533000;SANTANDER;PÁRAMO
f7959450-e7c4-4665-822f-0a355b370f1d;CO-SAN;68;68547000;SANTANDER;PIEDECUESTA
70e7e4b7-d9e7-4945-9969-d8b3d572efd2;CO-SAN;68;68549000;SANTANDER;PINCHOTE
099241b7-eee4-4783-bb42-f1709acef875;CO-SAN;68;68572000;SANTANDER;PUENTE NACIONAL
025a8982-4e53-414c-aba9-80c3ac4597d1;CO-SAN;68;68573000;SANTANDER;PUERTO PARRA
7a1b685f-8b09-4174-be08-1b5adfc55b9f;CO-SAN;68;68575000;SANTANDER;PUERTO WILCHES
28757988-7553-4ba7-a4a4-a91980784306;CO-SAN;68;68615000;SANTANDER;RIONEGRO
b8fb31ad-a8b4-4268-8462-7cd60606c554;CO-SAN;68;68655000;SANTANDER;SABANA DE TORRES
8e7604a7-f986-4a8e-b1bb-b0e69ab14c52;CO-SAN;68;68669000;SANTANDER;SAN ANDRÉS
eea83e7e-61b6-46c1-b281-ec721dc2d42a;CO-SAN;68;68673000;SANTANDER;SAN BENITO
757e9461-48ea-4995-8886-657275ad06e7;CO-SAN;68;68679000;SANTANDER;SAN GIL
e96f3992-d82a-4850-b7e8-db7ff0e9a277;CO-SAN;68;68682000;SANTANDER;SAN JOAQUÍN
7724674b-e6eb-4d25-a88b-4e5219d0adff;CO-SAN;68;68684000;SANTANDER;SAN JOSÉ DE MIRANDA
b525de67-9f3d-40fd-bf5f-e5d75232b65a;CO-SAN;68;68686000;SANTANDER;SAN MIGUEL
a1e6fabf-36d8-4bd8-91f3-04b3c36034e6;CO-SAN;68;68705000;SANTANDER;SANTA BÁRBARA
addfa941-b5cd-4131-8997-cabcc4ba5c0c;CO-SAN;68;68720000;SANTANDER;SANTA HELENA DEL OPÓN
63e2f355-2985-4f8d-91da-22d61705e2df;CO-SAN;68;68689000;SANTANDER;SAN VICENTE DE CHUCURÍ
ba240486-6a90-49ac-bbfb-b530d8ba6948;CO-SAN;68;68745000;SANTANDER;SIMACOTA
e5fe7266-7ea1-4504-bc59-6bc6057fd0b2;CO-SAN;68;68755000;SANTANDER;SOCORRO
7d00db74-81ec-41bf-85bc-bd84838344bd;CO-SAN;68;68770000;SANTANDER;SUAITA
5ec6a862-b1e6-40e0-a933-1616012b384a;CO-SAN;68;68773000;SANTANDER;SUCRE
05f265d3-3bf7-41d4-a30c-19e3ca941a22;CO-SAN;68;68780000;SANTANDER;SURATÁ
c24ec578-f76e-46ca-9415-b44d4cebbdb7;CO-SAN;68;68820000;SANTANDER;TONA
bb5da099-446f-43c3-9876-5e42b587039e;CO-SAN;68;68855000;SANTANDER;VALLE DE SAN JOSÉ
e39b721a-95a6-4038-b20d-7371ed45e582;CO-SAN;68;68861000;SANTANDER;VÉLEZ
f27587fa-65cd-4c48-a82d-2a1d0e7a5b6d;CO-SAN;68;68867000;SANTANDER;VETAS
3411233e-bc7d-4061-82c0-3edab9c93522;CO-SAN;68;68872000;SANTANDER;VILLANUEVA
540b7abf-270e-446e-b89d-232279a2734a;CO-SAN;68;68895000;SANTANDER;ZAPATOCA
c0217e5a-febc-4b5a-b406-562b190e3249;CO-SUC;70;70110000;SUCRE;BUENAVISTA
cf15e322-a6ef-459a-b044-afd0c10d62e9;CO-SUC;70;70124000;SUCRE;CAIMITO
0e420ff7-a109-45a5-8c69-d22cf1d91d5e;CO-SUC;70;70230000;SUCRE;CHALÁN
ad967e90-8edb-4248-a3cd-3ea706029504;CO-SUC;70;70204000;SUCRE;COLOSÓ
9527b72e-f3bc-462c-9582-71d7b7d8fcbf;CO-SUC;70;70215000;SUCRE;COROZAL
45ef0065-1c39-466b-9b35-e4b327b21f7e;CO-SUC;70;70221000;SUCRE;COVEÑAS
4b507a12-26eb-4e76-a5e1-31ca5f535a27;CO-SUC;70;70233000;SUCRE;EL ROBLE
4f0b7e7f-ce31-4003-9ed4-c0386b1b9354;CO-SUC;70;70235000;SUCRE;GALERAS
fa31befc-094c-4a46-99b4-f2f8e956f782;CO-SUC;70;70265000;SUCRE;GUARANDA
b38238ba-6239-45b9-b477-e10755a9c725;CO-SUC;70;70400000;SUCRE;LA UNIÓN
39da4acf-f482-459e-9011-a987d1159942;CO-SUC;70;70418000;SUCRE;LOS PALMITOS
3a1424cf-423f-4521-84a3-651c74c87849;CO-SUC;70;70429000;SUCRE;MAJAGUAL
23b2ae34-c981-4762-956b-8f3ae9967e90;CO-SUC;70;70473000;SUCRE;MORROA
4d4e3bc2-8cc2-49ad-b1f9-e56ba188154a;CO-SUC;70;70508000;SUCRE;OVEJAS
947f18c9-c99f-4904-a69b-51661ce3c7d4;CO-SUC;70;70523000;SUCRE;PALMITO
1dbbafc6-e81c-424e-8ecf-fe4f63839749;CO-SUC;70;70670000;SUCRE;SAMPUÉS
24615bf0-5a65-4192-af82-41688598cf6b;CO-SUC;70;70678000;SUCRE;SAN BENITO ABAD
5185f02b-a107-4eef-bcf0-ccf32073cf3c;CO-SUC;70;70823000;SUCRE;SAN JOSÉ DE TOLUVIEJO
d942e251-ee78-4289-b873-f125d965c650;CO-SUC;70;70702000;SUCRE;SAN JUAN DE BETULIA
3dee04cd-6b4a-486e-80cb-d7aa9b3e8bb5;CO-SUC;70;70742000;SUCRE;SAN LUIS DE SINCÉ
ef72725d-8f48-438f-95cd-3c5bf8c41231;CO-SUC;70;70708000;SUCRE;SAN MARCOS
3efd19fb-9167-471b-9dd6-682bbf6faa19;CO-SUC;70;70713000;SUCRE;SAN ONOFRE
d69403b4-14b3-415d-9d38-b28555097bf6;CO-SUC;70;70717000;SUCRE;SAN PEDRO
7e335bbc-695a-4ce8-a0e5-38d1408f6bb6;CO-SUC;70;70820000;SUCRE;SANTIAGO DE TOLÚ
78e6077d-1b48-4015-a29b-fc6afb848e32;CO-SUC;70;70001000;SUCRE;SINCELEJO
05fd8c01-4ed8-4cdd-bcf9-7fe08c19173f;CO-SUC;70;70771000;SUCRE;SUCRE
68d88ad4-3244-4450-9eff-3287d62c1974;CO-TOL;73;73024000;TOLIMA;ALPUJARRA
cad39d67-0b4f-454e-907e-ce361e41e9cd;CO-TOL;73;73026000;TOLIMA;ALVARADO
f263be76-40f6-4da8-b2d7-4f020ddab795;CO-TOL;73;73030000;TOLIMA;AMBALEMA
949ab479-f803-475c-b5c6-210ee8302598;CO-TOL;73;73043000;TOLIMA;ANZOÁTEGUI
d8fcb565-fdd5-45d2-ad39-30546b40635a;CO-TOL;73;73055000;TOLIMA;ARMERO
2ac154ff-1dad-4a93-b927-1ee93f08581b;CO-TOL;73;73067000;TOLIMA;ATACO
07a6dffe-8617-48eb-8927-9a6119652453;CO-TOL;73;73124000;TOLIMA;CAJAMARCA
abb10b90-bd1c-4655-b6c7-80749576f008;CO-TOL;73;73148000;TOLIMA;CARMEN DE APICALÁ
1eb6d6e5-04e9-4bd7-b3e0-d8d796364f18;CO-TOL;73;73152000;TOLIMA;CASABIANCA
1cf06ffa-2e82-4bea-8fd9-1f4f8d36524c;CO-TOL;73;73168000;TOLIMA;CHAPARRAL
5d50cbfd-a6a4-4237-9c5d-640383046078;CO-TOL;73;73200000;TOLIMA;COELLO
581cadb0-30ed-46f6-9c1f-33496315fd6c;CO-TOL;73;73217000;TOLIMA;COYAIMA
07206fb2-4fe6-4c56-82df-de629c97ed9b;CO-TOL;73;73226000;TOLIMA;CUNDAY
5a56617b-6e2d-49ce-bc5f-e73da14f071c;CO-TOL;73;73236000;TOLIMA;DOLORES
16cb4596-8462-4531-a313-39be3290e4d1;CO-TOL;73;73268000;TOLIMA;ESPINAL
bd37b55c-c20d-41c4-b639-7da6f20576ba;CO-TOL;73;73270000;TOLIMA;FALAN
5bee91b1-ce40-45ec-8d46-c935027146e3;CO-TOL;73;73275000;TOLIMA;FLANDES
0ded4bfc-61e0-4478-953a-851d837b196f;CO-TOL;73;73283000;TOLIMA;FRESNO
b97a7daf-bf54-42ce-bd1a-9bad4428f3b0;CO-TOL;73;73319000;TOLIMA;GUAMO
8ee8ebcd-5c81-48b8-8b53-6eb7bac28a99;CO-TOL;73;73347000;TOLIMA;HERVEO
ec3a291d-57d9-4f19-ae75-400314059016;CO-TOL;73;73349000;TOLIMA;HONDA
4b3d7f63-f9d8-4a94-b1ff-450798ca58a0;CO-TOL;73;73001000;TOLIMA;IBAGUÉ
0abc469d-f20e-412b-a015-5edef1ae6af1;CO-TOL;73;73352000;TOLIMA;ICONONZO
3d92ab5e-33bc-4349-aa73-18a8b4040f3d;CO-TOL;73;73408000;TOLIMA;LÉRIDA
92806ec9-afb7-493a-8b46-da87c1e978b6;CO-TOL;73;73411000;TOLIMA;LÍBANO
42f9e512-91ba-4024-a7b3-fefaf044cfff;CO-TOL;73;73449000;TOLIMA;MELGAR
1f0a149c-35ce-4bc7-9f72-25936b2e5713;CO-TOL;73;73461000;TOLIMA;MURILLO
a3e14aee-3bac-4395-9b76-1192373b6292;CO-TOL;73;73483000;TOLIMA;NATAGAIMA
5f7e1d71-ed54-44a5-9d5c-642c71b92915;CO-TOL;73;73504000;TOLIMA;ORTEGA
91214149-fb9d-4b3e-a041-edf871510ea8;CO-TOL;73;73520000;TOLIMA;PALOCABILDO
8ce89c62-25c0-46d2-8299-b576b198e31e;CO-TOL;73;73547000;TOLIMA;PIEDRAS
4e8d9ac6-03eb-45da-b8ba-38679678cb4e;CO-TOL;73;73555000;TOLIMA;PLANADAS
d31ba3ef-0ec6-4ddf-9acb-f282b291f78e;CO-TOL;73;73563000;TOLIMA;PRADO
ceb60c48-a9b5-433b-94b3-4d2589d0f267;CO-TOL;73;73585000;TOLIMA;PURIFICACIÓN
b6ed2bd4-3063-4d29-831c-b42fbf0e1381;CO-TOL;73;73616000;TOLIMA;RIOBLANCO
bc01bcbd-663d-48f5-b142-9de645b51a62;CO-TOL;73;73622000;TOLIMA;RONCESVALLES
0814c465-e85e-44a0-887a-564577cbf631;CO-TOL;73;73624000;TOLIMA;ROVIRA
981a55a3-794d-47ca-a461-f4d94baede17;CO-TOL;73;73671000;TOLIMA;SALDAÑA
2316d5c5-7169-41e8-bd1f-d57bc589fa1d;CO-TOL;73;73675000;TOLIMA;SAN ANTONIO
cbe5995d-02cc-4923-a787-73117741c766;CO-TOL;73;73678000;TOLIMA;SAN LUIS
24574d55-4ac9-46e2-9ac2-7a7dc9b4a7cd;CO-TOL;73;73443000;TOLIMA;SAN SEBASTIÁN DE MARIQUITA
01e08fba-3484-4e2e-87cc-065c0ff020d0;CO-TOL;73;73686000;TOLIMA;SANTA ISABEL
1125f1dd-9d91-4655-b937-51cfdd146430;CO-TOL;73;73770000;TOLIMA;SUÁREZ
34c8ecdd-ec0b-4dbe-a142-d2b78287c578;CO-TOL;73;73854000;TOLIMA;VALLE DE SAN JUAN
bf3ce923-7fb9-4222-ab3b-c61d1313d7e5;CO-TOL;73;73861000;TOLIMA;VENADILLO
8688e5d6-c3c0-44e7-a71f-92b7597e1f90;CO-TOL;73;73870000;TOLIMA;VILLAHERMOSA
9a51264d-a1b8-46ba-be78-d15e0ff1314c;CO-TOL;73;73873000;TOLIMA;VILLARRICA
3f1ab1f1-cf6e-485b-af9a-5f0affba5ceb;CO-VAC;76;76020000;VALLE DEL CAUCA;ALCALÁ
4f9f8a3d-3879-4fa7-9ca5-bedd631d4656;CO-VAC;76;76036000;VALLE DEL CAUCA;ANDALUCÍA
9b46e23b-a9cf-49e1-93ec-9e50823dc4b0;CO-VAC;76;76041000;VALLE DEL CAUCA;ANSERMANUEVO
82529bcb-4ae7-4ccd-a8d0-f1d6549def99;CO-VAC;76;76054000;VALLE DEL CAUCA;ARGELIA
36b94b56-d912-4828-9d16-7f6244205e28;CO-VAC;76;76100000;VALLE DEL CAUCA;BOLÍVAR
27022e24-1e5e-4ef5-a119-88d4108f9222;CO-VAC;76;76109000;VALLE DEL CAUCA;BUENAVENTURA
843ed8c7-998b-4163-a591-f9ecd5e520ee;CO-VAC;76;76113000;VALLE DEL CAUCA;BUGALAGRANDE
492571ac-a0f1-4aad-981d-bf7655b9cf34;CO-VAC;76;76122000;VALLE DEL CAUCA;CAICEDONIA
4c6641f5-91de-4875-990b-961fdb82c1e3;CO-VAC;76;76001000;VALLE DEL CAUCA;CALI
a5beede0-355d-47ca-b7ea-e07247d3ae74;CO-VAC;76;76126000;VALLE DEL CAUCA;CALIMA
9fac328b-812e-4702-8c36-31c307eea529;CO-VAC;76;76130000;VALLE DEL CAUCA;CANDELARIA
7d3a68b6-2375-44da-93bc-a5cde790ffa7;CO-VAC;76;76147000;VALLE DEL CAUCA;CARTAGO
01d51949-00b1-474c-b06b-3dcc38e746d6;CO-VAC;76;76233000;VALLE DEL CAUCA;DAGUA
cc3babbe-fb3d-4d50-8acc-47ddc16dd3eb;CO-VAC;76;76243000;VALLE DEL CAUCA;EL ÁGUILA
76ef2489-0d32-4654-9970-dde5981fdc5a;CO-VAC;76;76246000;VALLE DEL CAUCA;EL CAIRO
4c000b79-a651-4cea-96c3-3d98bada7285;CO-VAC;76;76248000;VALLE DEL CAUCA;EL CERRITO
3dd92d3f-b9c3-4a7a-b043-57b1232006a3;CO-VAC;76;76250000;VALLE DEL CAUCA;EL DOVIO
0b4013c4-10ce-40e9-829b-b6b1509a19c3;CO-VAC;76;76275000;VALLE DEL CAUCA;FLORIDA
3df6a8db-1750-4024-b783-0fcdf88d52b5;CO-VAC;76;76306000;VALLE DEL CAUCA;GINEBRA
f136ca12-3828-4dd8-9b2c-e6a94ccf76a8;CO-VAC;76;76318000;VALLE DEL CAUCA;GUACARÍ
62ea3bbf-6b67-437d-b66a-b11b57e6d2a6;CO-VAC;76;76111000;VALLE DEL CAUCA;GUADALAJARA DE BUGA
99a50415-a8d0-411c-8590-08b036c338b3;CO-VAC;76;76364000;VALLE DEL CAUCA;JAMUNDÍ
54d34a71-2052-4e8a-b936-c540a4ed68f6;CO-VAC;76;76377000;VALLE DEL CAUCA;LA CUMBRE
a1d02243-b38d-48e5-a6c9-a3b4546c3147;CO-VAC;76;76400000;VALLE DEL CAUCA;LA UNIÓN
0e7741a5-9e0c-45da-8950-5abddcc376b3;CO-VAC;76;76403000;VALLE DEL CAUCA;LA VICTORIA
3d6d148d-e306-4ea5-bce8-3b882afbb506;CO-VAC;76;76497000;VALLE DEL CAUCA;OBANDO
ff02a13a-5126-4b81-a122-9b88b9317ee1;CO-VAC;76;76520000;VALLE DEL CAUCA;PALMIRA
63cbed5a-3814-454b-a74e-180af7dded52;CO-VAC;76;76563000;VALLE DEL CAUCA;PRADERA
07b85d47-3bf5-4c8d-b8ea-069e6d060d0c;CO-VAC;76;76606000;VALLE DEL CAUCA;RESTREPO
2fde16ae-1ecf-4aec-849b-a5efa7328962;CO-VAC;76;76616000;VALLE DEL CAUCA;RIOFRÍO
aee58eba-5ecc-4e4a-ae84-eed9d63a1ded;CO-VAC;76;76622000;VALLE DEL CAUCA;ROLDANILLO
b66433fa-8c50-416d-a1b6-31cabd5053b0;CO-VAC;76;76670000;VALLE DEL CAUCA;SAN PEDRO
e2d3c556-a895-429c-a555-e3ffbd5483ac;CO-VAC;76;76736000;VALLE DEL CAUCA;SEVILLA
a650b6c7-fc37-4a49-93f4-53476c8875db;CO-VAC;76;76823000;VALLE DEL CAUCA;TORO
0fb75a94-e004-47d3-9135-5a80bad7b4c1;CO-VAC;76;76828000;VALLE DEL CAUCA;TRUJILLO
81b8205d-b519-4568-9c3a-1c245b9759a2;CO-VAC;76;76834000;VALLE DEL CAUCA;TULUÁ
7485ada7-db86-4ec3-be54-29a0b1bae03a;CO-VAC;76;76845000;VALLE DEL CAUCA;ULLOA
6d11776a-94b0-4149-a272-1337b6ed2e0b;CO-VAC;76;76863000;VALLE DEL CAUCA;VERSALLES
f5dd9c92-152e-4bf1-8399-e8227a76b0e1;CO-VAC;76;76869000;VALLE DEL CAUCA;VIJES
347bfb0e-ef52-45ed-a96f-1b79ef34f13d;CO-VAC;76;76890000;VALLE DEL CAUCA;YOTOCO
43b6c982-8c12-424d-8696-368e393bf5ca;CO-VAC;76;76892000;VALLE DEL CAUCA;YUMBO
ad7bb572-4b62-4504-882b-5f2845683850;CO-VAC;76;76895000;VALLE DEL CAUCA;ZARZAL
f5ec151e-0798-408f-accd-9e5d0671b2fa;CO-VAU;97;97161000;VAUPÉS;CARURÚ
122bbdfb-6d15-4930-86bf-dd1189cf1f88;CO-VAU;97;97001000;VAUPÉS;MITÚ
5901f328-284d-4474-8271-2a7bb588ee3d;CO-VAU;97;97511000;VAUPÉS;PACOA
1cc97d6a-bc21-42d9-babf-24fdfa810018;CO-VAU;97;97777000;VAUPÉS;PAPUNAHUA
a2a7eaa1-75b6-488c-ac1d-1f3aee77881d;CO-VAU;97;97666000;VAUPÉS;TARAIRA
c8cb967b-9f43-4750-9987-ffe033b4cbdf;CO-VAU;97;97889000;VAUPÉS;YAVARATÉ
1278b378-9c9b-4983-90ab-c2ab6ddb03c1;CO-VID;99;99773000;VICHADA;CUMARIBO
6a980c83-6a40-422e-a7a7-d80aa7473824;CO-VID;99;99524000;VICHADA;LA PRIMAVERA
f2ed8dc2-37c2-43a9-a30d-305c9a1b4216;CO-VID;99;99001000;VICHADA;PUERTO CARREÑO
4f865540-c516-4751-aacf-e220287e291d;CO-VID;99;99624000;VICHADA;SANTA ROSALÍA
